Agent ID,Renewal Status,Policy Discounts,Risk Score,Policy ID
AGT43228742,Not Renewed,31,42,POL27806251
AGT46808172,Pending,12,76,POL96934398
AGT32340750,Pending,17,5,POL93505220
AGT68647921,Not Renewed,18,80,POL39531025
AGT57092464,Pending,28,1,POL38769300
AGT47653967,Renewed,25,36,POL07841878
AGT05457971,Not Renewed,2,99,POL21963992
AGT63127637,Not Renewed,13,100,POL64589705
AGT49332725,Not Renewed,7,35,POL49133977
AGT70109277,Not Renewed,9,64,POL80278196
AGT41262935,Pending,11,80,POL89935970
AGT39802391,Not Renewed,14,41,POL40425029
AGT69637553,Renewed,43,95,POL59138324
AGT00978847,Pending,7,48,POL79312567
AGT65699402,Pending,15,62,POL05760636
AGT52126806,Pending,17,95,POL09606287
AGT43950584,Not Renewed,0,82,POL70474651
AGT26990736,Renewed,39,83,POL89907664
AGT85390293,Renewed,45,9,POL64943722
AGT13144077,Renewed,31,29,POL90960707
AGT04680213,Pending,25,47,POL59179996
AGT89254638,Pending,47,35,POL24718635
AGT32533158,Pending,48,40,POL19704549
AGT79593844,Pending,16,24,POL99720690
AGT42929675,Not Renewed,8,77,POL07613630
AGT58174916,Pending,42,46,POL68368522
AGT62130200,Pending,29,44,POL96166579
AGT02968022,Renewed,27,61,POL78863924
AGT46386081,Pending,11,10,POL66542527
AGT45322995,Pending,41,87,POL21617511
AGT60595923,Not Renewed,30,72,POL96023706
AGT31312804,Renewed,0,3,POL42325037
AGT57898434,Pending,40,46,POL40460695
AGT18996802,Pending,31,49,POL78206308
AGT88632369,Not Renewed,16,60,POL52956070
AGT70061804,Renewed,19,54,POL39046123
AGT03089985,Renewed,39,36,POL51620232
AGT46008376,Renewed,49,93,POL36575612
AGT70796644,Pending,35,24,POL48412691
AGT33496812,Renewed,46,56,POL15402724
AGT63219112,Not Renewed,24,32,POL83997445
AGT27491994,Renewed,13,100,POL20505761
AGT98172610,Pending,47,35,POL69974800
AGT34186806,Pending,2,52,POL30601696
AGT05021501,Pending,7,68,POL62179381
AGT18473213,Pending,44,38,POL77239759
AGT81391380,Not Renewed,27,75,POL44219481
AGT00296873,Not Renewed,27,25,POL75428993
AGT09870015,Renewed,23,23,POL65504828
AGT02089326,Renewed,11,3,POL96603488
AGT82511992,Pending,28,28,POL13213398
AGT24479233,Pending,27,92,POL27777205
AGT46426143,Pending,32,78,POL30200147
AGT00778173,Pending,37,55,POL32552913
AGT36991573,Not Renewed,7,3,POL35209226
AGT08478371,Not Renewed,10,53,POL51049013
AGT52042395,Pending,4,22,POL79914241
AGT88851041,Renewed,34,56,POL63077295
AGT29625804,Not Renewed,38,64,POL19274658
AGT39587181,Renewed,50,36,POL28043223
AGT57527336,Not Renewed,11,45,POL43343233
AGT87797273,Not Renewed,9,54,POL02336146
AGT58491749,Renewed,4,1,POL01239814
AGT24832912,Renewed,17,33,POL64805692
AGT23653110,Not Renewed,38,42,POL79704681
AGT41354483,Pending,46,33,POL77826609
AGT70367808,Not Renewed,3,18,POL06037561
AGT96446016,Renewed,8,1,POL50239325
AGT02017880,Pending,18,66,POL83266915
AGT64295113,Pending,46,49,POL18867984
AGT97767020,Not Renewed,8,18,POL50802042
AGT34431565,Renewed,39,63,POL76748109
AGT59958517,Not Renewed,39,68,POL48874486
AGT49653858,Not Renewed,29,42,POL91116374
AGT82729240,Renewed,9,69,POL91686015
AGT49414273,Renewed,2,39,POL13029856
AGT48089898,Renewed,4,56,POL28573734
AGT35851031,Renewed,47,20,POL90664485
AGT34601248,Renewed,41,97,POL25630495
AGT49109239,Pending,31,36,POL58909677
AGT53433359,Pending,37,54,POL21300763
AGT97761864,Renewed,18,75,POL27708077
AGT91783202,Pending,27,75,POL97831639
AGT55165473,Pending,25,35,POL66952651
AGT25853628,Renewed,45,61,POL36273981
AGT93876422,Renewed,48,83,POL34621999
AGT80165018,Pending,46,80,POL72333651
AGT00132948,Pending,8,95,POL60474745
AGT76069643,Renewed,27,32,POL48632113
AGT02449182,Not Renewed,11,59,POL95138693
AGT73119441,Not Renewed,17,91,POL55883370
AGT33556446,Renewed,30,12,POL45719981
AGT81291077,Pending,49,71,POL49483988
AGT61002687,Pending,7,53,POL01860747
AGT29482086,Pending,46,46,POL49959847
AGT49731977,Renewed,48,5,POL69437529
AGT99269595,Not Renewed,30,94,POL71731028
AGT27401713,Not Renewed,15,32,POL22702092
AGT84963028,Pending,9,77,POL21489269
AGT33631156,Pending,2,2,POL45984534
AGT60548674,Renewed,2,81,POL21893654
AGT15928890,Renewed,23,90,POL88802098
AGT42221698,Not Renewed,20,10,POL47409156
AGT99012819,Renewed,13,56,POL12333540
AGT60367390,Pending,49,39,POL97112066
AGT16692500,Renewed,4,96,POL83318258
AGT87673631,Renewed,6,31,POL98060005
AGT39341646,Pending,13,86,POL54140134
AGT15986892,Renewed,18,31,POL68523270
AGT34579920,Not Renewed,12,96,POL24523489
AGT59554873,Not Renewed,23,66,POL63559916
AGT08527717,Not Renewed,34,97,POL04817251
AGT12372743,Pending,7,19,POL16158469
AGT41927714,Renewed,27,68,POL70411495
AGT78768111,Renewed,36,44,POL04317062
AGT92749001,Renewed,3,70,POL65664761
AGT89914925,Not Renewed,0,96,POL97107834
AGT29908905,Pending,34,52,POL54636114
AGT61116641,Pending,28,66,POL46770635
AGT57708211,Renewed,50,65,POL31689204
AGT68431173,Pending,20,11,POL01562531
AGT76152251,Not Renewed,34,14,POL05208106
AGT00526785,Renewed,14,99,POL82154213
AGT34200164,Pending,32,100,POL93979639
AGT22232497,Not Renewed,8,28,POL42360341
AGT76969909,Renewed,16,11,POL06836904
AGT78175799,Renewed,3,64,POL56668614
AGT77739294,Pending,46,6,POL30563403
AGT24454901,Not Renewed,7,96,POL99360572
AGT69535902,Pending,18,20,POL34787590
AGT90019214,Pending,48,9,POL87094510
AGT87441246,Not Renewed,30,15,POL39823507
AGT00165849,Pending,4,8,POL27805496
AGT81065381,Not Renewed,47,94,POL75285626
AGT05483710,Pending,38,98,POL33045617
AGT59570266,Renewed,42,87,POL43978572
AGT94182643,Not Renewed,24,80,POL97172919
AGT57438348,Renewed,1,66,POL57660624
AGT49428557,Not Renewed,43,100,POL97141577
AGT29163029,Renewed,8,28,POL72882206
AGT71347223,Renewed,37,20,POL18209726
AGT73300909,Pending,1,99,POL13830672
AGT92567481,Not Renewed,31,14,POL47058325
AGT85062179,Renewed,35,88,POL81166647
AGT83157774,Not Renewed,16,95,POL38243316
AGT06205845,Not Renewed,43,2,POL54451854
AGT47134054,Pending,42,27,POL82263236
AGT16339543,Renewed,17,99,POL90131284
AGT56192595,Not Renewed,8,76,POL26293582
AGT59569820,Not Renewed,0,78,POL78678051
AGT03066612,Not Renewed,40,11,POL47598430
AGT34664827,Renewed,49,16,POL81442858
AGT54315529,Not Renewed,20,66,POL55191578
AGT66235603,Not Renewed,46,25,POL27120331
AGT35207521,Not Renewed,31,20,POL07162543
AGT70373802,Renewed,32,83,POL95376981
AGT98646739,Pending,13,40,POL52820408
AGT92454216,Pending,24,64,POL19547939
AGT00952090,Renewed,27,90,POL68111520
AGT19951838,Renewed,28,81,POL36499322
AGT03921996,Not Renewed,10,30,POL32150481
AGT39617618,Renewed,20,93,POL88380542
AGT61433055,Renewed,43,57,POL80647168
AGT11706758,Renewed,3,59,POL38987416
AGT32700673,Renewed,4,14,POL00083014
AGT05655177,Renewed,10,79,POL31461864
AGT68490761,Not Renewed,46,81,POL54483538
AGT73659480,Pending,37,6,POL81378407
AGT67056573,Renewed,27,68,POL61308425
AGT54103993,Not Renewed,34,92,POL38013131
AGT40123775,Pending,43,13,POL05346323
AGT25548856,Pending,27,80,POL64258389
AGT19506228,Renewed,36,95,POL17357252
AGT37188655,Renewed,31,41,POL34904099
AGT80456582,Not Renewed,4,33,POL72738203
AGT77886874,Not Renewed,33,43,POL70954405
AGT69372806,Pending,6,60,POL51543894
AGT88057806,Pending,22,45,POL80620404
AGT36368961,Renewed,1,50,POL91781501
AGT70129314,Pending,27,28,POL32483993
AGT08769669,Renewed,33,3,POL24708378
AGT98467458,Renewed,47,63,POL16494384
AGT38346405,Pending,32,11,POL16772067
AGT62720645,Not Renewed,29,23,POL43083313
AGT30393232,Not Renewed,38,68,POL49745850
AGT16991604,Not Renewed,40,16,POL32270366
AGT55450180,Renewed,37,96,POL76043297
AGT39447688,Pending,35,51,POL60143824
AGT58293183,Pending,50,25,POL97550763
AGT30444682,Pending,48,95,POL97742612
AGT41104484,Not Renewed,8,41,POL64302284
AGT51259974,Renewed,18,97,POL56785706
AGT54327832,Not Renewed,39,70,POL80161505
AGT94057606,Renewed,29,80,POL49730272
AGT24399946,Pending,40,76,POL48692889
AGT68887927,Pending,6,79,POL59708414
AGT33620326,Renewed,42,89,POL12912083
AGT62038930,Pending,26,54,POL77831101
AGT37764192,Not Renewed,0,28,POL13181341
AGT89530394,Renewed,19,19,POL28786930
AGT10655262,Not Renewed,23,24,POL84549394
AGT03964867,Not Renewed,15,4,POL10704502
AGT78153598,Not Renewed,45,7,POL38732884
AGT74419819,Not Renewed,1,38,POL75720719
AGT89058798,Pending,3,53,POL26162057
AGT76426387,Not Renewed,18,69,POL75089142
AGT37470653,Renewed,31,53,POL66183736
AGT03923721,Renewed,11,90,POL62525398
AGT23026130,Renewed,17,24,POL28794187
AGT72605043,Pending,24,20,POL92222297
AGT33107700,Renewed,12,27,POL01033936
AGT51939932,Not Renewed,26,96,POL76374292
AGT48803449,Pending,3,22,POL87664346
AGT87999065,Pending,38,73,POL62189642
AGT31392882,Not Renewed,2,65,POL60737583
AGT48143419,Not Renewed,13,86,POL95387029
AGT71162128,Renewed,9,84,POL32733098
AGT74659233,Pending,37,98,POL77019254
AGT32833809,Not Renewed,24,96,POL02597557
AGT56751869,Not Renewed,24,15,POL45321254
AGT60698406,Not Renewed,32,47,POL24753734
AGT76505336,Pending,15,32,POL21924883
AGT20564507,Not Renewed,10,24,POL45105855
AGT42683231,Renewed,36,41,POL53613913
AGT84540516,Not Renewed,6,76,POL22302710
AGT47050590,Not Renewed,8,59,POL37452247
AGT38010001,Renewed,39,37,POL67279435
AGT20677978,Renewed,14,76,POL61218156
AGT73968051,Not Renewed,3,72,POL38619975
AGT95367675,Renewed,0,82,POL88503599
AGT69494978,Not Renewed,33,11,POL69041241
AGT29094398,Not Renewed,2,38,POL46495596
AGT70466820,Renewed,10,85,POL34251194
AGT03331291,Renewed,40,100,POL77104949
AGT14285330,Pending,21,9,POL40125720
AGT58133289,Not Renewed,10,42,POL63626262
AGT75880461,Renewed,33,32,POL74568057
AGT28086404,Renewed,12,76,POL52774850
AGT92110080,Not Renewed,12,64,POL17282682
AGT05803055,Not Renewed,14,22,POL81122472
AGT27096177,Pending,32,95,POL39104228
AGT75200326,Renewed,28,32,POL39650167
AGT08468404,Pending,34,99,POL76903743
AGT85429771,Pending,43,91,POL82111920
AGT08834079,Pending,15,70,POL39805762
AGT40136857,Renewed,31,98,POL50354765
AGT65268634,Not Renewed,24,88,POL61924951
AGT52644590,Not Renewed,16,79,POL48511316
AGT21732408,Pending,38,82,POL51366884
AGT33119136,Not Renewed,15,43,POL46853221
AGT92652990,Pending,30,98,POL03944211
AGT48496317,Pending,22,76,POL15004770
AGT62754643,Pending,35,31,POL04951844
AGT90274927,Renewed,2,66,POL38588789
AGT47619095,Renewed,15,37,POL82419107
AGT30399450,Not Renewed,31,76,POL33737447
AGT88407038,Not Renewed,25,59,POL64767382
AGT92550011,Pending,11,1,POL23594772
AGT59255361,Renewed,48,52,POL94518815
AGT55291369,Pending,19,73,POL37985546
AGT81423408,Renewed,30,4,POL95836164
AGT73811983,Renewed,46,65,POL41393239
AGT21277595,Pending,16,100,POL95244165
AGT07107431,Not Renewed,27,45,POL63274681
AGT38608444,Renewed,26,82,POL97969575
AGT16776278,Not Renewed,8,90,POL33330579
AGT40467903,Not Renewed,50,5,POL82251135
AGT98652077,Not Renewed,39,2,POL93411965
AGT89903402,Renewed,33,21,POL22177049
AGT99495062,Not Renewed,18,22,POL02585077
AGT43336552,Renewed,36,12,POL01267201
AGT76752602,Not Renewed,20,92,POL45899805
AGT13375237,Not Renewed,34,38,POL76517809
AGT66093598,Pending,22,27,POL88210682
AGT26504252,Not Renewed,25,31,POL85021281
AGT87256601,Pending,23,100,POL81192447
AGT67575849,Renewed,17,54,POL75206437
AGT85550265,Pending,12,49,POL49763923
AGT25205923,Not Renewed,9,66,POL10008915
AGT12390221,Renewed,43,86,POL02313500
AGT61322860,Pending,41,64,POL09750798
AGT26864803,Pending,30,43,POL36666009
AGT63204955,Not Renewed,9,96,POL96855506
AGT70825273,Not Renewed,22,69,POL71516749
AGT98566760,Not Renewed,37,24,POL95480869
AGT59811328,Not Renewed,42,89,POL46131890
AGT50805566,Pending,46,83,POL64900151
AGT14301005,Not Renewed,43,58,POL42034856
AGT51929051,Pending,7,31,POL60897326
AGT99121921,Not Renewed,38,18,POL38380842
AGT25569174,Renewed,40,86,POL51145073
AGT72424925,Renewed,44,93,POL73019543
AGT38458755,Pending,47,55,POL15948540
AGT60864068,Not Renewed,44,42,POL45059272
AGT28919827,Not Renewed,31,60,POL46263397
AGT07435520,Pending,46,44,POL66640089
AGT51523784,Pending,49,25,POL17047233
AGT70998152,Not Renewed,36,14,POL96919228
AGT00146313,Renewed,47,13,POL33693707
AGT85883649,Not Renewed,31,60,POL81185546
AGT80475476,Pending,37,68,POL05429840
AGT44979089,Not Renewed,28,79,POL50110641
AGT66467932,Not Renewed,5,90,POL71744441
AGT71923800,Renewed,22,36,POL80794764
AGT17394553,Pending,21,3,POL64700295
AGT98734146,Not Renewed,42,37,POL98412521
AGT90931380,Pending,18,18,POL23491107
AGT62253770,Renewed,16,84,POL97266170
AGT66575714,Renewed,26,18,POL60046834
AGT21623920,Not Renewed,46,8,POL72656147
AGT34856076,Not Renewed,7,81,POL74554228
AGT43555473,Renewed,42,3,POL98054081
AGT85093159,Renewed,40,36,POL35020187
AGT80474616,Renewed,27,63,POL44308362
AGT28171168,Not Renewed,50,41,POL68261547
AGT07617950,Not Renewed,17,94,POL26905808
AGT73468459,Not Renewed,15,71,POL86166507
AGT33628816,Not Renewed,22,36,POL50777099
AGT85406800,Pending,45,16,POL93547945
AGT14631929,Not Renewed,49,29,POL07046709
AGT86149386,Renewed,44,95,POL21148415
AGT79296092,Not Renewed,45,36,POL82205448
AGT12463171,Not Renewed,7,44,POL12315723
AGT11995357,Not Renewed,37,41,POL47731308
AGT72297030,Renewed,32,29,POL43397255
AGT20358120,Not Renewed,15,32,POL11204815
AGT90750525,Not Renewed,26,50,POL99143995
AGT54961098,Renewed,23,16,POL26146635
AGT19894422,Renewed,43,63,POL26656861
AGT76909046,Not Renewed,43,81,POL35610268
AGT32696972,Pending,26,52,POL85095212
AGT99816509,Pending,14,82,POL50064094
AGT54266292,Not Renewed,49,5,POL21104754
AGT45051677,Not Renewed,5,96,POL17443101
AGT78263439,Renewed,48,2,POL13777499
AGT59897337,Renewed,47,21,POL64793827
AGT84213331,Pending,50,41,POL04297854
AGT40449378,Not Renewed,1,72,POL25054429
AGT43268338,Not Renewed,7,8,POL83519950
AGT53675858,Pending,39,7,POL01371032
AGT98835382,Not Renewed,50,20,POL73793836
AGT93407074,Pending,28,16,POL96932553
AGT00348040,Renewed,39,81,POL28853856
AGT13144167,Not Renewed,17,53,POL65042207
AGT49460453,Pending,8,14,POL94939680
AGT62996888,Renewed,46,8,POL31533848
AGT26125144,Renewed,48,71,POL06413142
AGT69985119,Renewed,39,91,POL28065491
AGT33383010,Renewed,19,20,POL98433170
AGT82813977,Renewed,4,33,POL73294320
AGT42300781,Renewed,19,21,POL14657611
AGT75504303,Renewed,12,43,POL58974752
AGT03747643,Pending,18,58,POL89482669
AGT93944947,Pending,26,16,POL08716825
AGT80747820,Renewed,13,27,POL19720600
AGT84071940,Renewed,47,8,POL16699537
AGT42157835,Renewed,32,73,POL26365674
AGT83682172,Renewed,16,13,POL86711709
AGT21577486,Pending,8,89,POL29474046
AGT65227362,Not Renewed,29,94,POL45601263
AGT63379384,Renewed,45,42,POL61565872
AGT87671508,Pending,50,17,POL52327651
AGT36122798,Not Renewed,17,79,POL40589612
AGT97371857,Not Renewed,48,87,POL72673699
AGT30749142,Pending,6,10,POL86347307
AGT36739708,Not Renewed,46,45,POL74599769
AGT60340010,Not Renewed,43,30,POL02256240
AGT06980160,Not Renewed,13,93,POL02002771
AGT86029376,Renewed,32,69,POL43561258
AGT61857989,Not Renewed,46,96,POL83865881
AGT65044560,Renewed,15,36,POL91395324
AGT74553166,Not Renewed,32,77,POL86285298
AGT65406446,Renewed,11,4,POL86723130
AGT02801413,Renewed,32,69,POL32900389
AGT03963358,Not Renewed,35,27,POL90610731
AGT24601217,Pending,13,95,POL85757109
AGT75655739,Pending,1,10,POL11989725
AGT04068198,Not Renewed,14,7,POL00974449
AGT54296493,Pending,15,98,POL24717008
AGT98147561,Pending,41,34,POL34269181
AGT79867404,Not Renewed,27,51,POL29465290
AGT34644256,Not Renewed,37,9,POL62243302
AGT65027784,Not Renewed,3,46,POL64410288
AGT88433429,Renewed,46,1,POL99021522
AGT64225908,Renewed,36,72,POL82132627
AGT65005869,Not Renewed,34,27,POL60496337
AGT01209107,Pending,37,20,POL15628115
AGT01465812,Not Renewed,22,72,POL62548114
AGT86288403,Pending,41,65,POL29520885
AGT05461212,Pending,29,7,POL30595324
AGT07975754,Not Renewed,9,3,POL03911421
AGT69429138,Pending,17,37,POL90576138
AGT35536138,Renewed,50,27,POL84274065
AGT00641722,Not Renewed,19,19,POL83835374
AGT40962830,Not Renewed,40,9,POL59501098
AGT79861609,Pending,35,84,POL05014236
AGT61029537,Not Renewed,50,33,POL87430711
AGT73748846,Pending,22,81,POL04286300
AGT86034163,Pending,6,29,POL27460532
AGT08467366,Pending,36,56,POL96972550
AGT12336355,Pending,28,41,POL58339093
AGT10392365,Renewed,27,90,POL44082493
AGT26624177,Not Renewed,25,67,POL98942710
AGT73420584,Renewed,47,87,POL33015134
AGT39146162,Renewed,38,44,POL56933693
AGT45807890,Renewed,44,33,POL20256761
AGT35580494,Renewed,25,38,POL85669523
AGT94393892,Pending,8,50,POL59177631
AGT07608627,Pending,15,70,POL81473954
AGT25879867,Pending,30,55,POL03154234
AGT81767306,Not Renewed,12,97,POL56172682
AGT41671470,Not Renewed,28,64,POL33238422
AGT40014491,Renewed,15,65,POL27372206
AGT66833906,Pending,35,65,POL10833752
AGT04218240,Pending,27,67,POL40158884
AGT82540772,Not Renewed,25,70,POL78507070
AGT09891983,Renewed,43,80,POL19362691
AGT91767140,Renewed,34,77,POL06565717
AGT05448098,Pending,35,48,POL26935323
AGT90802149,Pending,35,83,POL71741054
AGT98826706,Pending,36,100,POL72311298
AGT05711061,Pending,18,18,POL89729174
AGT55077663,Pending,15,40,POL86664104
AGT32676513,Pending,37,28,POL80418743
AGT00935369,Pending,49,45,POL37305327
AGT89152710,Not Renewed,34,44,POL89665327
AGT91760284,Not Renewed,33,56,POL50162963
AGT13614081,Renewed,41,52,POL53959309
AGT19516199,Not Renewed,42,76,POL63414573
AGT91524077,Not Renewed,23,85,POL01969422
AGT82335888,Not Renewed,2,48,POL95381325
AGT28123557,Pending,35,29,POL49392272
AGT15376923,Pending,27,77,POL57078202
AGT84060532,Renewed,33,40,POL73942123
AGT06882034,Not Renewed,17,41,POL54249410
AGT29399240,Not Renewed,32,39,POL19058769
AGT42998361,Not Renewed,16,29,POL23237918
AGT55876112,Not Renewed,43,21,POL13071740
AGT42363168,Renewed,22,92,POL97923307
AGT29337837,Not Renewed,9,1,POL96578326
AGT63877762,Pending,21,17,POL84238087
AGT10313012,Renewed,36,74,POL41303027
AGT97870147,Not Renewed,46,63,POL98434828
AGT54017922,Renewed,19,39,POL71218396
AGT75373383,Renewed,44,90,POL66883101
AGT09796446,Pending,38,100,POL95137552
AGT22658073,Pending,7,11,POL45656881
AGT65808447,Pending,30,63,POL38710685
AGT41268647,Not Renewed,3,48,POL13276567
AGT30963575,Pending,41,25,POL31888448
AGT80579410,Renewed,46,74,POL03123237
AGT38091841,Not Renewed,6,96,POL50504166
AGT91969021,Pending,46,20,POL05439001
AGT35547259,Renewed,48,2,POL78750589
AGT34757080,Renewed,34,81,POL18037009
AGT25095694,Renewed,16,63,POL26720328
AGT61529400,Renewed,7,23,POL41993395
AGT14414038,Pending,39,30,POL91390239
AGT54159567,Pending,11,62,POL39627448
AGT79959332,Renewed,15,77,POL78264122
AGT42370275,Renewed,31,92,POL32302882
AGT51057151,Not Renewed,20,86,POL38485615
AGT88067949,Renewed,14,58,POL32589050
AGT85414123,Renewed,39,88,POL45441486
AGT83550386,Not Renewed,24,75,POL47794870
AGT76591497,Renewed,34,5,POL95668571
AGT93966939,Pending,13,40,POL82008946
AGT18850349,Not Renewed,22,46,POL81654453
AGT15410768,Not Renewed,50,76,POL96760097
AGT51312897,Pending,0,98,POL31551903
AGT60919788,Pending,5,35,POL00074761
AGT81761797,Not Renewed,47,83,POL42519290
AGT04159621,Pending,15,95,POL27310887
AGT43990391,Renewed,39,3,POL07816782
AGT89857039,Renewed,25,19,POL60030374
AGT34800062,Renewed,17,100,POL70572993
AGT12751325,Pending,7,43,POL50159442
AGT49908037,Pending,47,77,POL37935124
AGT14925607,Pending,3,23,POL85929126
AGT63123113,Renewed,0,88,POL52938288
AGT22048074,Not Renewed,41,51,POL34332950
AGT69886448,Pending,11,93,POL29296849
AGT30101031,Not Renewed,39,80,POL84512558
AGT01186526,Not Renewed,25,98,POL44115622
AGT20596661,Not Renewed,41,2,POL17801092
AGT70143659,Pending,21,46,POL39256265
AGT67899428,Pending,45,11,POL19672686
AGT88431514,Renewed,46,44,POL76377276
AGT22057330,Pending,30,2,POL03458249
AGT06567193,Not Renewed,12,84,POL39135067
AGT40447474,Renewed,10,9,POL45114954
AGT01771434,Renewed,43,57,POL68938255
AGT23876503,Renewed,16,55,POL02404416
AGT31810478,Renewed,18,100,POL89295458
AGT77505248,Not Renewed,44,1,POL08440937
AGT05271428,Pending,40,7,POL06348797
AGT42352393,Renewed,16,62,POL46127836
AGT92055265,Pending,11,7,POL48522495
AGT22852915,Not Renewed,15,86,POL46902142
AGT11665183,Not Renewed,29,7,POL29133385
AGT50196363,Pending,19,49,POL46194153
AGT09564313,Renewed,50,86,POL17440652
AGT12015932,Not Renewed,15,79,POL72579941
AGT87416341,Pending,31,87,POL82676830
AGT52555788,Not Renewed,8,53,POL28936757
AGT36320756,Not Renewed,4,82,POL12251267
AGT23333689,Renewed,0,12,POL22416843
AGT65637017,Renewed,23,14,POL68142821
AGT79208224,Pending,8,69,POL80669381
AGT98462246,Renewed,1,94,POL32822609
AGT23957669,Pending,17,57,POL29059161
AGT29563787,Renewed,4,19,POL21189445
AGT53155950,Renewed,24,87,POL09615361
AGT44121822,Renewed,4,52,POL27717636
AGT92189752,Not Renewed,46,82,POL85798962
AGT99940899,Renewed,13,32,POL66167857
AGT05509013,Pending,40,64,POL69786310
AGT59293034,Not Renewed,13,4,POL71010293
AGT27843033,Not Renewed,39,47,POL00811165
AGT39363349,Pending,34,57,POL61699231
AGT28100567,Not Renewed,37,50,POL89580964
AGT93130750,Pending,31,72,POL96606923
AGT61674774,Renewed,50,86,POL03979350
AGT74520619,Pending,17,73,POL36321695
AGT60301160,Not Renewed,16,21,POL88479195
AGT15875136,Pending,32,45,POL16832610
AGT23508780,Not Renewed,20,81,POL24247688
AGT55711586,Renewed,10,25,POL92479874
AGT14318850,Pending,10,39,POL82794219
AGT28512415,Pending,9,76,POL53944841
AGT53076635,Renewed,23,13,POL95771628
AGT44218548,Pending,16,34,POL73436304
AGT61369571,Pending,33,40,POL93878741
AGT84994124,Pending,26,16,POL11162574
AGT37006469,Pending,48,85,POL49030532
AGT26200980,Renewed,15,54,POL75052846
AGT11955837,Renewed,47,20,POL06150370
AGT20680653,Not Renewed,43,58,POL94072462
AGT00295980,Not Renewed,18,18,POL30459208
AGT43731040,Renewed,21,13,POL08890801
AGT48453053,Not Renewed,41,85,POL66485877
AGT58034403,Not Renewed,19,12,POL90601372
AGT46863922,Renewed,45,47,POL35164229
AGT59933943,Renewed,13,95,POL79738375
AGT86609581,Pending,20,53,POL78451531
AGT76468746,Pending,40,64,POL84977364
AGT56444621,Renewed,7,10,POL38205564
AGT26030580,Renewed,26,55,POL20683862
AGT05331358,Renewed,19,90,POL53660854
AGT65775922,Renewed,3,63,POL89180223
AGT04486663,Renewed,21,90,POL45095642
AGT26326271,Not Renewed,30,35,POL48690249
AGT72581630,Not Renewed,26,76,POL27435543
AGT93643113,Renewed,14,48,POL68371036
AGT91902175,Not Renewed,9,17,POL39957242
AGT38570739,Renewed,50,82,POL90638463
AGT66218206,Not Renewed,2,50,POL11199753
AGT87744221,Not Renewed,49,95,POL36528332
AGT13149600,Not Renewed,3,14,POL56889817
AGT32830470,Not Renewed,12,13,POL08801313
AGT98314352,Pending,15,100,POL68995549
AGT74671912,Not Renewed,13,35,POL29536417
AGT75028371,Not Renewed,37,38,POL53530629
AGT95222087,Renewed,45,86,POL21160213
AGT08418311,Not Renewed,23,70,POL93493038
AGT76851801,Not Renewed,18,17,POL19547339
AGT36372660,Not Renewed,39,65,POL29207038
AGT82297821,Not Renewed,33,76,POL56397262
AGT19604991,Pending,9,42,POL51164854
AGT34618821,Not Renewed,4,19,POL76939080
AGT51334907,Not Renewed,31,80,POL78820382
AGT70273913,Pending,11,74,POL84852929
AGT95453708,Not Renewed,42,73,POL46236340
AGT69036559,Pending,36,96,POL82812519
AGT66789942,Renewed,50,21,POL21798029
AGT48351547,Not Renewed,35,59,POL33833286
AGT22059685,Not Renewed,33,97,POL81238149
AGT60955538,Not Renewed,26,8,POL25740876
AGT24794414,Renewed,12,60,POL26074452
AGT86783505,Pending,3,37,POL76989054
AGT90965776,Not Renewed,39,5,POL48662696
AGT89731562,Pending,31,7,POL85747478
AGT77347831,Not Renewed,12,87,POL31489077
AGT94990380,Not Renewed,49,21,POL03785266
AGT84132566,Pending,15,13,POL64965934
AGT31903078,Renewed,31,24,POL14267045
AGT48909983,Pending,16,11,POL79867486
AGT79645240,Pending,45,2,POL21441518
AGT96099923,Renewed,7,6,POL66208661
AGT24162859,Pending,8,38,POL46009613
AGT31696641,Renewed,31,74,POL42638741
AGT69053783,Renewed,49,85,POL88399292
AGT38605811,Not Renewed,28,50,POL06081128
AGT11203288,Not Renewed,32,64,POL96274415
AGT86130037,Pending,30,70,POL39707981
AGT83845705,Not Renewed,49,92,POL45684772
AGT80019493,Pending,11,14,POL21114405
AGT14439757,Renewed,48,22,POL59977317
AGT11877671,Not Renewed,16,100,POL50807231
AGT30035911,Renewed,4,25,POL95336212
AGT90855653,Renewed,7,71,POL02246754
AGT93677555,Not Renewed,11,72,POL89873736
AGT96066764,Renewed,15,17,POL03710995
AGT64207575,Not Renewed,13,19,POL77366966
AGT94307195,Not Renewed,28,20,POL20381025
AGT43949223,Not Renewed,26,92,POL61983383
AGT44732334,Not Renewed,48,45,POL77573599
AGT33192592,Renewed,29,40,POL04143745
AGT76816334,Renewed,34,67,POL03368809
AGT90492019,Pending,30,8,POL45634456
AGT07486483,Renewed,30,74,POL09445725
AGT69327626,Renewed,24,67,POL26928183
AGT22345488,Renewed,28,35,POL69652935
AGT31153483,Renewed,10,5,POL13413511
AGT60845054,Pending,5,73,POL57495535
AGT00550522,Pending,7,60,POL32252482
AGT74959165,Renewed,42,5,POL97931166
AGT85407316,Renewed,22,14,POL89983994
AGT39080367,Pending,38,73,POL54056565
AGT06102604,Not Renewed,50,57,POL80143604
AGT87157372,Renewed,9,99,POL26020657
AGT17088252,Renewed,2,31,POL92151932
AGT16820557,Not Renewed,47,73,POL38067049
AGT92059907,Renewed,28,21,POL62323938
AGT64760995,Renewed,24,83,POL48112744
AGT13185456,Renewed,16,84,POL93562061
AGT88725667,Renewed,35,72,POL07736550
AGT92295609,Renewed,17,97,POL03121117
AGT60036568,Pending,33,63,POL16359450
AGT74963339,Not Renewed,5,60,POL62665179
AGT65868912,Renewed,17,3,POL12156543
AGT62236589,Not Renewed,0,62,POL64808892
AGT80212661,Renewed,11,30,POL73876399
AGT09810716,Not Renewed,31,15,POL34826521
AGT86154632,Not Renewed,49,93,POL55857160
AGT89768507,Pending,23,65,POL90480498
AGT00107625,Renewed,49,47,POL06015860
AGT34982496,Renewed,34,16,POL84892449
AGT32587763,Pending,29,64,POL19560921
AGT85398651,Not Renewed,12,67,POL59147290
AGT54933182,Pending,25,76,POL69476490
AGT78528414,Not Renewed,47,29,POL40270611
AGT40395647,Renewed,19,2,POL22321187
AGT96315257,Pending,23,87,POL77506531
AGT83036236,Not Renewed,40,23,POL07976771
AGT63777538,Not Renewed,43,67,POL45468849
AGT88656343,Pending,12,88,POL63051562
AGT57107312,Renewed,3,77,POL94870283
AGT85303393,Not Renewed,6,81,POL38182158
AGT11734423,Not Renewed,30,4,POL36090611
AGT41651643,Pending,41,2,POL82098917
AGT94029881,Renewed,14,57,POL99568401
AGT92061997,Pending,18,12,POL79130344
AGT98623839,Pending,29,57,POL49188779
AGT23443615,Pending,39,100,POL98118247
AGT09872138,Not Renewed,33,73,POL43888562
AGT93839878,Not Renewed,41,74,POL79654180
AGT02234907,Pending,50,69,POL43201050
AGT26690610,Not Renewed,25,49,POL64164417
AGT86671123,Pending,2,19,POL56909701
AGT57588254,Renewed,36,42,POL04312649
AGT04997121,Pending,45,23,POL52704029
AGT71393725,Renewed,20,17,POL99187964
AGT45596397,Not Renewed,46,21,POL09346416
AGT07658273,Pending,34,5,POL33880190
AGT02132693,Not Renewed,7,73,POL49366333
AGT69097733,Not Renewed,35,92,POL88774190
AGT37389460,Pending,28,99,POL46303313
AGT78283912,Renewed,22,96,POL72761852
AGT92460405,Pending,12,29,POL78499068
AGT34809817,Renewed,38,92,POL46591798
AGT36557393,Pending,13,43,POL56917671
AGT70909476,Renewed,7,43,POL26477746
AGT89106544,Pending,1,64,POL83870465
AGT36885199,Renewed,30,14,POL07767138
AGT94839232,Not Renewed,41,100,POL90011725
AGT35187419,Not Renewed,10,27,POL71239767
AGT56203759,Not Renewed,8,48,POL91891378
AGT96724565,Pending,19,63,POL46142999
AGT09076934,Not Renewed,49,92,POL20839843
AGT31410823,Pending,24,31,POL28045007
AGT91830054,Not Renewed,19,39,POL82823553
AGT56731960,Renewed,35,69,POL92853225
AGT29257521,Not Renewed,42,96,POL67872849
AGT85865332,Not Renewed,32,38,POL51108570
AGT66473606,Pending,48,24,POL52952594
AGT73840376,Renewed,1,49,POL20348552
AGT17929971,Not Renewed,35,80,POL40907312
AGT90754727,Renewed,49,89,POL69634824
AGT19936215,Renewed,28,43,POL63187776
AGT65068120,Pending,30,38,POL92218718
AGT54296810,Pending,4,37,POL15902669
AGT59234143,Pending,32,36,POL17105339
AGT91943436,Pending,7,45,POL67379824
AGT05787876,Not Renewed,4,96,POL33080881
AGT71507805,Pending,9,18,POL26177163
AGT19950895,Pending,3,89,POL92289899
AGT40767750,Renewed,7,17,POL53317705
AGT17854688,Renewed,36,61,POL36981616
AGT67227439,Renewed,26,30,POL56127428
AGT27971733,Not Renewed,11,60,POL77789737
AGT90385937,Renewed,10,45,POL70127485
AGT61525449,Pending,0,74,POL60505158
AGT75097360,Pending,43,61,POL07319671
AGT50449865,Renewed,9,83,POL20670070
AGT44112203,Renewed,35,39,POL49532703
AGT60532647,Not Renewed,47,50,POL23016733
AGT46313429,Renewed,44,75,POL40922873
AGT22033343,Pending,21,73,POL53156329
AGT55769526,Pending,16,77,POL28937515
AGT92208512,Renewed,7,39,POL12104163
AGT80690584,Not Renewed,32,38,POL13187754
AGT96902661,Not Renewed,8,50,POL46564609
AGT64752630,Not Renewed,21,19,POL15165645
AGT59421026,Pending,28,95,POL93327871
AGT20688117,Renewed,18,38,POL12291756
AGT33733491,Renewed,26,100,POL15978608
AGT18808948,Not Renewed,33,35,POL67053864
AGT32906349,Renewed,7,32,POL02913059
AGT49742452,Pending,23,62,POL99518262
AGT21359872,Not Renewed,27,35,POL49457170
AGT40389060,Not Renewed,28,20,POL70701103
AGT79827611,Not Renewed,1,66,POL04847102
AGT23405456,Pending,11,92,POL72715668
AGT47651008,Renewed,6,73,POL30815147
AGT84349784,Pending,23,40,POL85997412
AGT48627827,Not Renewed,20,85,POL30420925
AGT07018759,Not Renewed,10,80,POL26751534
AGT11548315,Not Renewed,2,76,POL15097723
AGT90382329,Not Renewed,46,40,POL81404875
AGT50355787,Pending,33,63,POL31358869
AGT47605848,Pending,14,8,POL40579539
AGT77375163,Renewed,40,76,POL07342539
AGT82644856,Pending,7,64,POL39946670
AGT77811690,Not Renewed,42,54,POL63474388
AGT75098454,Pending,43,65,POL65038532
AGT16759469,Renewed,39,60,POL88167849
AGT53177035,Not Renewed,44,9,POL10148217
AGT04848474,Not Renewed,5,84,POL76204779
AGT40018505,Pending,3,13,POL24220210
AGT72881927,Pending,4,71,POL12716498
AGT09473893,Not Renewed,45,36,POL37005180
AGT71357121,Pending,49,63,POL33049382
AGT15626540,Not Renewed,37,76,POL95337810
AGT32589533,Pending,13,14,POL23308648
AGT98109319,Pending,17,14,POL02312997
AGT86607311,Not Renewed,0,96,POL77315241
AGT45333149,Not Renewed,23,94,POL47115213
AGT11124633,Pending,35,23,POL49874464
AGT06822481,Renewed,15,31,POL79096614
AGT64230411,Renewed,38,1,POL76421550
AGT08350017,Not Renewed,27,68,POL74615400
AGT53096895,Pending,49,11,POL61858865
AGT98801414,Pending,31,55,POL32001025
AGT87693273,Pending,41,22,POL29477661
AGT74761683,Pending,20,45,POL60275519
AGT91826467,Pending,26,46,POL83784659
AGT49567794,Not Renewed,38,1,POL12763634
AGT85767318,Pending,43,49,POL30600963
AGT58943617,Renewed,42,78,POL34319547
AGT26370459,Pending,5,9,POL21879187
AGT35586462,Renewed,31,33,POL07768534
AGT38765140,Renewed,27,68,POL72485507
AGT42090239,Pending,25,35,POL25208231
AGT42633469,Not Renewed,36,96,POL01332140
AGT18474397,Renewed,3,96,POL47517699
AGT60816190,Pending,28,27,POL58128936
AGT44896761,Pending,28,65,POL32198260
AGT19551398,Pending,31,71,POL84577702
AGT30544099,Pending,29,5,POL57207157
AGT27849348,Pending,7,3,POL13544300
AGT42390234,Pending,11,19,POL45190683
AGT40763949,Pending,35,62,POL21669430
AGT25337786,Not Renewed,3,95,POL28550299
AGT52885252,Pending,48,63,POL23811097
AGT65992472,Renewed,20,14,POL28303229
AGT10126573,Not Renewed,9,67,POL52933183
AGT54051605,Not Renewed,6,36,POL03671194
AGT67767397,Not Renewed,38,14,POL87464804
AGT01447877,Not Renewed,21,60,POL61065772
AGT67590265,Pending,8,54,POL67096541
AGT29742641,Renewed,14,40,POL48574800
AGT72861129,Not Renewed,29,20,POL20367982
AGT37991598,Pending,35,5,POL01530992
AGT74100066,Pending,28,91,POL60672344
AGT55935257,Not Renewed,28,11,POL36866670
AGT19949357,Not Renewed,4,1,POL75237627
AGT88576173,Renewed,47,90,POL55949918
AGT32292236,Renewed,34,48,POL83365380
AGT52807308,Pending,18,88,POL22399101
AGT72041437,Not Renewed,44,10,POL81014728
AGT22652652,Renewed,0,49,POL05711134
AGT78068603,Renewed,30,10,POL01930886
AGT80613275,Renewed,3,95,POL02268206
AGT71943369,Not Renewed,31,57,POL96624216
AGT68658805,Renewed,10,79,POL48183700
AGT53680645,Pending,22,96,POL08689656
AGT03139588,Pending,21,60,POL98091818
AGT63746736,Renewed,28,53,POL52467400
AGT12735206,Renewed,47,39,POL77410789
AGT64096744,Renewed,34,3,POL39137077
AGT19148747,Renewed,3,39,POL69765567
AGT83021883,Not Renewed,4,2,POL04272099
AGT70331921,Renewed,8,16,POL96779565
AGT03255335,Not Renewed,38,20,POL04331178
AGT88677059,Renewed,13,34,POL25573830
AGT33583109,Pending,10,6,POL22879070
AGT64269951,Pending,23,77,POL05156789
AGT31076742,Pending,10,2,POL97318899
AGT89569763,Pending,34,100,POL54295320
AGT42942153,Not Renewed,47,13,POL24211829
AGT05900429,Not Renewed,2,48,POL53216568
AGT23361038,Renewed,12,28,POL55243233
AGT05934356,Not Renewed,32,10,POL89882153
AGT79339431,Renewed,46,86,POL15821242
AGT06920032,Pending,40,36,POL55302444
AGT06338633,Pending,39,76,POL75483438
AGT26316428,Not Renewed,37,81,POL41056885
AGT43930672,Renewed,38,54,POL08751578
AGT75798115,Not Renewed,25,12,POL85425957
AGT25592958,Not Renewed,38,45,POL37412181
AGT80909877,Pending,23,88,POL45925285
AGT61969418,Renewed,44,48,POL75543657
AGT74644679,Pending,42,56,POL11532182
AGT04110181,Pending,23,63,POL98320607
AGT78964872,Renewed,35,45,POL45391676
AGT90804985,Not Renewed,4,69,POL17800247
AGT45607090,Pending,29,40,POL06415305
AGT80509452,Pending,6,18,POL85856716
AGT31921827,Not Renewed,5,13,POL62254331
AGT76588274,Pending,12,68,POL38330072
AGT11452178,Not Renewed,7,37,POL18753841
AGT09467383,Renewed,9,68,POL22750173
AGT34387437,Not Renewed,9,7,POL97686386
AGT05296158,Renewed,31,79,POL65281628
AGT44582213,Renewed,22,59,POL08877517
AGT90742549,Not Renewed,41,35,POL86049888
AGT05584970,Renewed,43,82,POL19159127
AGT79040523,Not Renewed,30,37,POL62185518
AGT96586514,Pending,5,21,POL81605555
AGT93284441,Pending,32,52,POL16978594
AGT78322975,Renewed,27,8,POL29655105
AGT28003350,Not Renewed,35,83,POL60099234
AGT79630515,Renewed,30,49,POL19174209
AGT68435567,Not Renewed,7,10,POL41019516
AGT84364786,Not Renewed,26,61,POL70872179
AGT74002037,Not Renewed,49,20,POL64702950
AGT68770283,Not Renewed,5,15,POL91015458
AGT10496452,Pending,7,60,POL37628555
AGT61395661,Not Renewed,34,12,POL17984911
AGT55277126,Not Renewed,39,13,POL34336501
AGT80283826,Pending,49,99,POL41495893
AGT81239809,Pending,11,13,POL24807912
AGT23792599,Renewed,31,15,POL08383719
AGT28245623,Renewed,45,9,POL35283143
AGT04851096,Not Renewed,49,9,POL00638794
AGT91584630,Renewed,32,58,POL39150268
AGT73436241,Pending,19,69,POL44829275
AGT91667342,Renewed,30,79,POL95375629
AGT21716869,Renewed,27,41,POL25403992
AGT80514088,Not Renewed,27,63,POL05460747
AGT51692901,Renewed,6,61,POL95475973
AGT07747556,Pending,34,68,POL55645770
AGT05190139,Not Renewed,50,56,POL62201641
AGT53570200,Not Renewed,23,4,POL16400516
AGT67231516,Renewed,42,50,POL57602095
AGT68013029,Renewed,19,77,POL24546559
AGT19599980,Renewed,25,39,POL48748875
AGT35232859,Not Renewed,4,79,POL43843486
AGT61479327,Renewed,7,54,POL72255591
AGT45317003,Renewed,25,69,POL18760277
AGT78550735,Renewed,27,88,POL51104112
AGT55179622,Renewed,0,45,POL40049374
AGT86100641,Pending,35,39,POL22613795
AGT02653283,Renewed,1,18,POL89182008
AGT46575080,Not Renewed,49,22,POL69702312
AGT85922802,Not Renewed,23,41,POL47394285
AGT38635867,Not Renewed,5,17,POL96935129
AGT65854524,Renewed,37,2,POL13931730
AGT33606405,Not Renewed,43,3,POL57782466
AGT50591244,Not Renewed,36,40,POL37802566
AGT15661854,Renewed,43,97,POL42513263
AGT30008898,Pending,14,94,POL83060919
AGT32300150,Renewed,16,61,POL42742626
AGT28842040,Renewed,24,10,POL91813694
AGT51560582,Renewed,50,38,POL95405693
AGT03546987,Pending,37,23,POL35996382
AGT36866347,Renewed,50,28,POL32788321
AGT62252832,Pending,50,59,POL62864496
AGT41700485,Renewed,31,37,POL61062551
AGT48475721,Renewed,4,13,POL45455008
AGT36265673,Renewed,39,28,POL85749437
AGT03110386,Pending,32,10,POL97854951
AGT52432169,Pending,27,68,POL39231633
AGT90449743,Not Renewed,12,27,POL83596471
AGT31290455,Pending,20,100,POL73557141
AGT55673230,Renewed,30,54,POL31169168
AGT04909892,Not Renewed,22,48,POL39556502
AGT42420374,Renewed,26,37,POL43123760
AGT50674779,Pending,0,63,POL52570875
AGT06795839,Renewed,23,29,POL56665937
AGT11236836,Pending,17,38,POL23145372
AGT09663249,Renewed,47,94,POL32166365
AGT34215987,Renewed,49,1,POL48971029
AGT34626027,Not Renewed,27,20,POL67260165
AGT58736591,Not Renewed,12,57,POL89484652
AGT84509712,Pending,25,52,POL89737164
AGT71579262,Pending,46,66,POL27685502
AGT69847483,Renewed,41,39,POL97765922
AGT54127925,Renewed,45,46,POL38306907
AGT12697026,Renewed,33,11,POL25998313
AGT52779767,Renewed,25,5,POL74661339
AGT35079061,Pending,15,13,POL39266909
AGT78050285,Pending,30,54,POL62033992
AGT38439779,Pending,36,96,POL33819244
AGT20276874,Not Renewed,29,50,POL73888890
AGT05505842,Not Renewed,49,25,POL13345815
AGT10972213,Pending,22,11,POL32410068
AGT90233763,Pending,8,21,POL69821903
AGT84927008,Pending,23,55,POL87761575
AGT63236440,Renewed,16,14,POL57434745
AGT10116506,Renewed,0,30,POL90998412
AGT69820767,Not Renewed,9,8,POL55253594
AGT38221717,Not Renewed,14,6,POL96803168
AGT82913964,Renewed,27,67,POL66073787
AGT66644978,Not Renewed,30,79,POL05708532
AGT14975955,Pending,28,32,POL20890423
AGT01294775,Not Renewed,3,42,POL18433097
AGT10537546,Not Renewed,1,78,POL21822034
AGT33585285,Not Renewed,46,74,POL87603432
AGT10345678,Renewed,21,72,POL87116208
AGT19757180,Renewed,3,67,POL85070326
AGT68021873,Not Renewed,5,85,POL15824139
AGT17315776,Pending,16,68,POL74324052
AGT57098449,Not Renewed,39,38,POL10828457
AGT25563800,Not Renewed,22,23,POL49583465
AGT94490869,Not Renewed,45,30,POL64169471
AGT52266112,Pending,22,91,POL34306249
AGT24652868,Renewed,13,70,POL15413250
AGT80348675,Renewed,16,64,POL07584414
AGT32059867,Renewed,47,57,POL10466419
AGT54871871,Not Renewed,3,18,POL07992427
AGT00110545,Not Renewed,47,12,POL79774019
AGT16822743,Not Renewed,39,35,POL86678758
AGT03377590,Pending,18,30,POL91301507
AGT44335405,Not Renewed,39,27,POL75790395
AGT63661530,Pending,32,95,POL72689700
AGT23976603,Renewed,44,89,POL79257166
AGT54868052,Renewed,41,29,POL54084176
AGT08772291,Renewed,3,8,POL61208002
AGT91058128,Pending,27,43,POL18175825
AGT76709403,Renewed,29,10,POL27152348
AGT75573207,Renewed,22,28,POL65805829
AGT72643673,Pending,36,4,POL91110515
AGT41167879,Not Renewed,9,44,POL47692099
AGT42647380,Not Renewed,29,29,POL03021304
AGT82377982,Renewed,21,12,POL52373291
AGT72619551,Pending,1,55,POL00027462
AGT08037589,Not Renewed,34,49,POL00053682
AGT02742595,Pending,14,79,POL91428444
AGT45981412,Renewed,45,16,POL47427298
AGT87710567,Renewed,0,85,POL23259824
AGT47999556,Not Renewed,21,33,POL58913291
AGT65187533,Not Renewed,41,97,POL70221797
AGT48134813,Pending,6,3,POL17760836
AGT49354632,Not Renewed,4,2,POL84155447
AGT21816937,Not Renewed,28,7,POL61012482
AGT85097159,Not Renewed,16,24,POL27562885
AGT27137829,Not Renewed,21,85,POL51145761
AGT44494718,Renewed,17,66,POL19986234
AGT55926221,Renewed,19,12,POL83558215
AGT50592178,Not Renewed,32,96,POL51223603
AGT05093430,Renewed,20,65,POL53424615
AGT11132496,Not Renewed,21,57,POL97116121
AGT44104870,Not Renewed,40,99,POL52256054
AGT45079522,Not Renewed,35,71,POL15452704
AGT87907683,Renewed,38,41,POL35880668
AGT90584467,Renewed,26,41,POL09718181
AGT19001338,Pending,11,48,POL71221796
AGT01957675,Not Renewed,26,88,POL11657273
AGT82267157,Renewed,27,7,POL13040382
AGT68150519,Pending,21,90,POL81188650
AGT87038746,Pending,16,60,POL94226268
AGT92407911,Not Renewed,47,5,POL72474540
AGT12745325,Renewed,5,3,POL95614962
AGT83741350,Pending,42,25,POL09396530
AGT65381112,Renewed,17,62,POL72359932
AGT12196542,Not Renewed,3,66,POL87284738
AGT08440362,Not Renewed,15,59,POL79841700
AGT61888009,Pending,16,49,POL05346693
AGT40411906,Pending,3,7,POL04666316
AGT08760958,Renewed,34,12,POL23939811
AGT53728572,Pending,12,85,POL14694740
AGT54847848,Pending,47,90,POL50904690
AGT12644830,Not Renewed,11,84,POL84945685
AGT12047708,Not Renewed,23,86,POL45056410
AGT70082049,Renewed,29,4,POL18917162
AGT73271621,Pending,46,88,POL93569527
AGT65252928,Renewed,50,47,POL08022082
AGT66913929,Not Renewed,49,57,POL39776148
AGT74137577,Renewed,13,33,POL59128367
AGT43818126,Not Renewed,11,29,POL25339559
AGT85289655,Not Renewed,20,99,POL99509489
AGT48276304,Not Renewed,4,59,POL24131589
AGT48009991,Renewed,13,66,POL53014679
AGT81051457,Pending,29,52,POL36551695
AGT22465983,Renewed,24,50,POL45897709
AGT01360304,Renewed,28,40,POL24059480
AGT80295610,Not Renewed,48,75,POL34097370
AGT01350860,Not Renewed,10,66,POL20155433
AGT27454585,Pending,13,43,POL88048338
AGT02753904,Renewed,6,67,POL08306459
AGT79967636,Pending,31,6,POL83627294
AGT37970728,Renewed,3,64,POL67370723
AGT89576929,Pending,25,69,POL56855277
AGT01111005,Pending,35,64,POL71025279
AGT99684115,Pending,25,83,POL89877141
AGT55087260,Pending,14,57,POL46278459
AGT36115102,Pending,23,55,POL23225249
AGT56728658,Pending,32,57,POL97046010
AGT86390824,Not Renewed,23,2,POL04685108
AGT00933866,Pending,3,9,POL41128359
AGT92270918,Not Renewed,27,93,POL93053026
AGT58561478,Pending,4,83,POL48548690
AGT01113931,Not Renewed,36,63,POL09899083
AGT89225455,Pending,44,43,POL28544968
AGT64437433,Renewed,31,6,POL32747822
AGT96236787,Pending,8,4,POL40953889
AGT24033642,Renewed,2,22,POL71377159
AGT97506551,Renewed,29,6,POL12620607
AGT66796507,Not Renewed,3,34,POL03542172
AGT55983694,Pending,43,41,POL19062916
AGT36026092,Not Renewed,2,4,POL79030894
AGT57758009,Pending,14,70,POL24466673
AGT53183311,Renewed,12,77,POL95548739
AGT93786770,Renewed,40,29,POL06082159
AGT38953307,Renewed,35,76,POL61268918
AGT49783764,Not Renewed,7,62,POL43684594
AGT11414045,Pending,41,90,POL48638488
AGT83280282,Not Renewed,31,69,POL79633584
AGT63921402,Renewed,21,13,POL05425412
AGT27921814,Pending,42,94,POL03268061
AGT49220586,Pending,35,79,POL58046238
AGT39898360,Renewed,48,37,POL00555987
AGT76649866,Pending,48,85,POL64301411
AGT85859495,Not Renewed,2,9,POL44117650
AGT12147508,Renewed,5,29,POL96996630
AGT29687618,Not Renewed,37,65,POL29698184
AGT53573598,Renewed,35,26,POL61337531
AGT66271496,Pending,4,91,POL87102563
AGT41949820,Not Renewed,44,96,POL19165656
AGT22159387,Renewed,18,45,POL83494214
AGT57094942,Renewed,16,31,POL44698969
AGT00610173,Pending,34,52,POL03681890
AGT78932677,Renewed,22,13,POL82827765
AGT35840667,Pending,7,32,POL58468979
AGT53770577,Not Renewed,14,63,POL04129775
AGT14110319,Renewed,34,9,POL05174448
AGT08337546,Not Renewed,23,95,POL13757692
AGT79130628,Pending,32,36,POL22546780
AGT98045301,Renewed,33,33,POL13870747
AGT44739041,Not Renewed,19,42,POL41691326
AGT87088719,Renewed,15,10,POL80649448
AGT45603933,Pending,26,69,POL96055104
AGT12066319,Renewed,17,24,POL64820224
AGT36736858,Not Renewed,15,72,POL23605253
AGT01985877,Pending,18,70,POL52061885
AGT52368266,Pending,15,80,POL54766419
AGT42307078,Not Renewed,40,97,POL60396773
AGT50531684,Not Renewed,22,56,POL39100560
AGT53760555,Not Renewed,14,53,POL73957943
AGT76320354,Pending,39,29,POL07510316
AGT98177414,Renewed,16,2,POL32316303
AGT23123825,Pending,48,82,POL70355052
AGT82962289,Pending,17,82,POL35831200
AGT55917478,Pending,19,19,POL43810674
AGT69112257,Renewed,41,4,POL29566487
AGT78005125,Not Renewed,34,87,POL83125745
AGT51687766,Pending,10,99,POL96105992
AGT71225620,Pending,41,74,POL14232641
AGT95803695,Not Renewed,27,2,POL70276690
AGT64216467,Renewed,38,89,POL83845394
AGT95692283,Not Renewed,18,78,POL18936768
AGT32542493,Renewed,18,62,POL88646934
AGT89233360,Pending,32,79,POL31150343
AGT77609963,Not Renewed,2,94,POL77590064
AGT37142335,Renewed,0,72,POL87958361
AGT45378530,Not Renewed,9,57,POL01957491
AGT65973858,Pending,26,94,POL32669368
AGT54072780,Not Renewed,39,95,POL47434227
AGT63064118,Renewed,35,3,POL77202133
AGT12774314,Not Renewed,44,99,POL47001756
AGT99175092,Renewed,49,44,POL81675097
AGT82254002,Pending,26,65,POL87932414
AGT47758772,Pending,5,49,POL64120908
AGT52157385,Not Renewed,7,53,POL83057308
AGT10752762,Not Renewed,32,57,POL23057519
AGT59548553,Pending,23,64,POL35891090
AGT50505613,Renewed,3,39,POL93399992
AGT72977438,Pending,43,94,POL50710696
AGT52696089,Renewed,28,93,POL82014099
AGT85577925,Renewed,0,58,POL25023935
AGT14129625,Not Renewed,22,48,POL15028588
AGT04610236,Not Renewed,4,56,POL93527045
AGT15119685,Renewed,17,48,POL11591403
AGT34467657,Renewed,36,86,POL45693467
AGT06903946,Pending,8,20,POL20256570
AGT81122075,Pending,3,59,POL90485670
AGT49772332,Not Renewed,42,37,POL16874164
AGT16870877,Not Renewed,34,41,POL94407943
AGT28736170,Renewed,21,42,POL66935971
AGT22671453,Renewed,28,55,POL00285080
AGT87594230,Pending,8,47,POL56375042
AGT08001632,Renewed,32,12,POL23995965
AGT09931093,Not Renewed,34,26,POL17257260
AGT44007777,Pending,39,32,POL47359207
AGT93999005,Not Renewed,14,28,POL25690244
AGT38622105,Pending,31,9,POL56082024
AGT97064246,Pending,26,1,POL83477672
AGT26724099,Not Renewed,0,11,POL35251275
AGT51840786,Not Renewed,23,8,POL88925713
AGT67805160,Pending,9,74,POL84180502
AGT53741162,Renewed,7,52,POL35917604
AGT39371738,Not Renewed,32,35,POL32525791
AGT24481806,Not Renewed,14,79,POL45410336
AGT42058571,Pending,17,71,POL14461196
AGT99371936,Renewed,40,74,POL64120254
AGT22062863,Pending,6,47,POL11850737
AGT95038398,Pending,29,96,POL24090621
AGT65478821,Pending,25,75,POL07053234
AGT16867277,Renewed,15,97,POL56345921
AGT70845220,Not Renewed,41,56,POL73302546
AGT51896680,Not Renewed,4,24,POL41570616
AGT35292530,Renewed,23,59,POL00167399
AGT29722634,Renewed,39,82,POL14909944
AGT05065210,Not Renewed,8,50,POL52791225
AGT27266772,Not Renewed,30,99,POL63694348
AGT34136292,Not Renewed,40,36,POL33923599
AGT87802347,Pending,44,100,POL91166639
AGT78923489,Renewed,3,33,POL73745921
AGT22757925,Not Renewed,4,99,POL31856502
AGT45064842,Pending,5,59,POL88017939
AGT45425812,Not Renewed,24,47,POL37431066
AGT79675206,Not Renewed,29,34,POL03068532
AGT29921154,Pending,46,2,POL81019998
AGT59230491,Pending,25,62,POL54082537
AGT30015460,Pending,36,94,POL75380530
AGT05786447,Renewed,37,14,POL13370317
AGT62887034,Pending,37,86,POL72506078
AGT66397770,Renewed,42,96,POL15788896
AGT46499978,Pending,19,66,POL87257642
AGT10483951,Not Renewed,10,73,POL10754194
AGT31731786,Renewed,34,52,POL02543918
AGT21243522,Renewed,34,20,POL80996561
AGT33921083,Pending,0,49,POL82172592
AGT55520886,Not Renewed,17,9,POL70577511
AGT89000923,Not Renewed,3,6,POL00677715
AGT26075329,Pending,34,71,POL65284354
AGT54199915,Pending,19,23,POL29054681
AGT29732137,Not Renewed,14,15,POL56020599
AGT01638698,Pending,22,4,POL02586223
AGT85797099,Renewed,31,83,POL36565456
AGT01801260,Pending,42,21,POL73721889
AGT86981507,Not Renewed,10,97,POL42862009
AGT98272042,Pending,26,5,POL91109221
AGT34197406,Pending,8,2,POL99391697
AGT94719474,Pending,46,72,POL07501738
AGT46340902,Renewed,22,92,POL54824622
AGT20076003,Renewed,7,24,POL74809100
AGT52971870,Not Renewed,30,5,POL05204154
AGT05908308,Renewed,48,43,POL36096008
AGT03900481,Pending,5,12,POL92010970
AGT81873311,Not Renewed,47,95,POL26112372
AGT35475823,Pending,19,35,POL33632852
AGT28935042,Not Renewed,34,89,POL29315631
AGT30379091,Renewed,36,14,POL87150455
AGT27946126,Renewed,6,34,POL96387470
AGT43752010,Not Renewed,5,22,POL23926652
AGT53267607,Pending,26,16,POL17904439
AGT74825085,Renewed,24,56,POL38419825
AGT84378019,Not Renewed,34,3,POL76405797
AGT74815445,Not Renewed,4,37,POL21911131
AGT98788369,Renewed,47,76,POL92252183
AGT73509341,Not Renewed,13,43,POL05753582
AGT77700590,Renewed,0,18,POL26903492
AGT73455107,Renewed,34,5,POL31299981
AGT78939627,Pending,39,91,POL01888346
AGT65070500,Not Renewed,37,26,POL87558325
AGT79101510,Pending,14,22,POL09367565
AGT78669345,Not Renewed,32,31,POL66521872
AGT26321051,Renewed,5,11,POL95876138
AGT50732126,Not Renewed,13,79,POL98940145
AGT70776978,Pending,17,44,POL20706800
AGT79814945,Pending,39,30,POL62363777
AGT66401015,Not Renewed,44,100,POL30056651
AGT25520910,Renewed,32,41,POL48483047
AGT41062265,Pending,42,69,POL87901300
AGT80365085,Pending,34,72,POL23666757
AGT78764713,Renewed,8,11,POL17108285
AGT76054665,Not Renewed,16,6,POL29859333
AGT88668143,Pending,26,33,POL45632663
AGT43978373,Not Renewed,37,62,POL95105211
AGT94478998,Renewed,30,14,POL86241971
AGT44405059,Renewed,25,59,POL88449964
AGT98827293,Renewed,32,46,POL91221786
AGT19338702,Not Renewed,36,13,POL81320794
AGT28453933,Not Renewed,16,99,POL51364019
AGT01663697,Pending,39,83,POL31936663
AGT45229996,Renewed,19,77,POL26252695
AGT23800009,Not Renewed,37,50,POL75928270
AGT96333263,Renewed,15,68,POL84662646
AGT92018684,Pending,0,73,POL07640768
AGT40409503,Renewed,42,47,POL79406105
AGT64230253,Renewed,12,85,POL87414724
AGT98096158,Not Renewed,23,23,POL61963636
AGT77397428,Renewed,26,84,POL20036492
AGT10465463,Not Renewed,6,83,POL34350307
AGT25857928,Pending,40,79,POL07383816
AGT76375588,Not Renewed,37,4,POL05276181
AGT92715073,Renewed,28,93,POL01056651
AGT34872219,Pending,41,46,POL57167179
AGT64256375,Not Renewed,34,27,POL26041216
AGT58666448,Renewed,39,94,POL99892267
AGT04189162,Not Renewed,34,3,POL68220534
AGT46298837,Not Renewed,28,56,POL43928223
AGT23059032,Pending,15,31,POL53360521
AGT88140816,Pending,12,59,POL55583522
AGT56473085,Pending,17,98,POL23406460
AGT00655047,Renewed,35,48,POL46108222
AGT05947808,Pending,2,42,POL34185139
AGT85546084,Not Renewed,7,40,POL18009742
AGT91588051,Not Renewed,24,57,POL01410101
AGT03937527,Not Renewed,34,35,POL25999716
AGT95358394,Not Renewed,49,41,POL58829430
AGT05712396,Not Renewed,34,20,POL35621374
AGT51176997,Renewed,6,81,POL91591924
AGT90193843,Pending,44,89,POL31141839
AGT01981470,Not Renewed,49,62,POL53495954
AGT21438300,Pending,37,63,POL86577388
AGT68890964,Renewed,33,51,POL93128506
AGT75139568,Renewed,47,9,POL99329003
AGT74129792,Not Renewed,15,13,POL72353827
AGT95325354,Renewed,48,38,POL74405232
AGT25441460,Not Renewed,4,95,POL79712563
AGT04401528,Not Renewed,43,24,POL59054638
AGT85798447,Pending,35,95,POL11386721
AGT37992453,Pending,18,40,POL27080806
AGT05543623,Not Renewed,35,70,POL67346720
AGT28436306,Renewed,48,61,POL21533048
AGT83981294,Renewed,3,14,POL87314266
AGT39121639,Renewed,5,17,POL40501212
AGT84603592,Renewed,15,57,POL77404434
AGT56088274,Not Renewed,26,50,POL21785501
AGT55741527,Renewed,35,41,POL01637103
AGT21152792,Renewed,36,47,POL37640614
AGT67342635,Not Renewed,21,83,POL38779532
AGT68661702,Not Renewed,36,53,POL93532453
AGT06413729,Not Renewed,5,68,POL32964708
AGT80921407,Renewed,13,65,POL60083626
AGT26754885,Pending,21,20,POL37953515
AGT49192028,Not Renewed,50,46,POL30949010
AGT17604560,Renewed,41,2,POL89850916
AGT86078442,Pending,5,24,POL42233188
AGT15121985,Not Renewed,8,49,POL18840628
AGT73560306,Pending,42,88,POL97879638
AGT84175927,Pending,39,78,POL98458382
AGT94218542,Pending,10,51,POL99307499
AGT52566310,Not Renewed,38,52,POL12388538
AGT00462765,Renewed,8,18,POL38913667
AGT95851953,Renewed,11,11,POL66729277
AGT63953893,Not Renewed,46,32,POL04984888
AGT48332968,Not Renewed,10,49,POL04461844
AGT26243082,Pending,9,74,POL02953987
AGT42794762,Renewed,7,68,POL45794212
AGT50738988,Renewed,25,9,POL12021840
AGT80254709,Not Renewed,8,87,POL80902857
AGT12774099,Not Renewed,5,84,POL30067784
AGT95899781,Not Renewed,35,42,POL97395232
AGT71503163,Not Renewed,49,14,POL16232154
AGT06426487,Renewed,29,38,POL40650840
AGT22213920,Not Renewed,14,35,POL35241420
AGT45353150,Renewed,33,90,POL55451317
AGT92940042,Renewed,14,13,POL64599261
AGT07995245,Pending,39,57,POL16497483
AGT28056586,Not Renewed,50,56,POL44197274
AGT45277325,Not Renewed,32,60,POL79351007
AGT62818751,Not Renewed,23,87,POL85421445
AGT13008474,Renewed,45,87,POL91301577
AGT59473242,Renewed,18,77,POL96350038
AGT50896583,Not Renewed,24,14,POL83891543
AGT27206385,Pending,15,45,POL61910551
AGT07225527,Not Renewed,1,22,POL07172279
AGT47528065,Pending,41,73,POL40635868
AGT15907740,Renewed,45,35,POL86871699
AGT30472128,Renewed,44,66,POL98972486
AGT97793845,Not Renewed,17,75,POL10353696
AGT44415844,Pending,39,13,POL19826464
AGT58189782,Pending,47,100,POL43365109
AGT29310288,Pending,14,16,POL34839804
AGT06015380,Renewed,8,36,POL22478374
AGT92677307,Pending,3,27,POL77820339
AGT55259696,Pending,42,21,POL19433237
AGT01957569,Renewed,23,80,POL76932868
AGT04681877,Not Renewed,15,10,POL41761083
AGT77386119,Not Renewed,20,47,POL64386769
AGT89692178,Not Renewed,39,45,POL59120668
AGT92890644,Not Renewed,0,53,POL21757183
AGT88379459,Renewed,47,43,POL28084608
AGT29237397,Pending,8,14,POL45824623
AGT07792554,Pending,15,95,POL31252194
AGT06628477,Renewed,31,68,POL40654062
AGT43587384,Pending,42,27,POL68041288
AGT61277403,Pending,16,91,POL66896232
AGT03755562,Pending,22,54,POL66215442
AGT65022740,Not Renewed,41,60,POL53985837
AGT61763502,Not Renewed,15,55,POL26196435
AGT59733849,Renewed,29,46,POL06372967
AGT09670936,Renewed,15,62,POL24776392
AGT35711328,Not Renewed,14,20,POL79861668
AGT77661129,Not Renewed,18,85,POL30398822
AGT70449713,Pending,7,70,POL41941398
AGT44034733,Not Renewed,31,22,POL54158213
AGT23143667,Not Renewed,3,28,POL25767436
AGT78643174,Pending,48,9,POL90801398
AGT00307009,Renewed,0,7,POL84935714
AGT41159010,Renewed,20,33,POL29870683
AGT57746002,Pending,12,73,POL86204804
AGT63403615,Pending,4,51,POL07331096
AGT53492924,Not Renewed,40,62,POL47491023
AGT27033456,Pending,7,52,POL78988005
AGT88787740,Pending,11,8,POL20597369
AGT20551931,Not Renewed,12,2,POL22925819
AGT30250830,Pending,10,82,POL99353162
AGT68157356,Not Renewed,37,92,POL67753905
AGT54576781,Pending,11,85,POL71493130
AGT91499770,Pending,45,5,POL69222840
AGT98390378,Pending,50,48,POL77822153
AGT45768219,Pending,13,98,POL84330752
AGT98582772,Pending,48,1,POL81049657
AGT69675361,Renewed,34,87,POL09607120
AGT81439591,Not Renewed,20,46,POL63517748
AGT66271858,Renewed,8,29,POL22866808
AGT60184229,Pending,4,95,POL55402770
AGT52554533,Renewed,34,8,POL14673138
AGT70123375,Not Renewed,2,78,POL32850811
AGT88384506,Pending,0,67,POL36376405
AGT89390357,Not Renewed,10,54,POL57116310
AGT45937340,Renewed,39,66,POL80995541
AGT66162294,Renewed,12,69,POL22918011
AGT49464965,Renewed,20,26,POL99343551
AGT04943393,Renewed,40,60,POL95686589
AGT64442581,Pending,18,79,POL74488580
AGT25680570,Pending,24,43,POL03845436
AGT34862420,Not Renewed,36,99,POL49082754
AGT72008857,Renewed,36,15,POL79206629
AGT49134544,Renewed,38,74,POL48220371
AGT25529286,Pending,48,86,POL02880116
AGT42313803,Not Renewed,2,79,POL17982019
AGT63801581,Renewed,23,44,POL59802127
AGT42203449,Pending,12,71,POL82513265
AGT90061690,Renewed,21,78,POL07546280
AGT42842137,Renewed,30,36,POL46514343
AGT94826984,Pending,29,94,POL45081491
AGT00030139,Pending,38,83,POL74142880
AGT69668172,Renewed,9,76,POL84931770
AGT66510570,Renewed,28,49,POL52796576
AGT27524601,Renewed,30,41,POL98526256
AGT75280940,Renewed,49,5,POL15046507
AGT19493223,Not Renewed,33,27,POL34670863
AGT93487416,Not Renewed,39,92,POL82697180
AGT43611620,Renewed,26,9,POL79014248
AGT50427641,Pending,48,84,POL11173408
AGT66324975,Renewed,16,14,POL20801175
AGT82467255,Not Renewed,40,86,POL26361547
AGT94644729,Pending,1,28,POL48790077
AGT09425482,Not Renewed,21,23,POL27343652
AGT23121075,Renewed,17,19,POL52182081
AGT40004865,Not Renewed,43,70,POL63375937
AGT79255771,Not Renewed,38,88,POL39337647
AGT00029799,Not Renewed,4,26,POL78314103
AGT85867026,Not Renewed,12,42,POL97881363
AGT23367735,Not Renewed,35,51,POL89180514
AGT81808947,Pending,36,42,POL20175576
AGT42276971,Not Renewed,20,4,POL66446830
AGT45808449,Not Renewed,12,16,POL12305734
AGT03942017,Renewed,8,52,POL53425545
AGT76244275,Pending,22,49,POL78113526
AGT31182374,Not Renewed,48,39,POL90316205
AGT14574755,Not Renewed,29,76,POL82486686
AGT71114471,Not Renewed,2,55,POL39253825
AGT58963604,Pending,0,60,POL37660659
AGT88655926,Pending,0,20,POL67932010
AGT85582403,Pending,36,8,POL49350723
AGT87698345,Renewed,41,53,POL41015273
AGT06180053,Renewed,31,52,POL35985478
AGT08154549,Renewed,47,74,POL99061249
AGT86106687,Pending,33,33,POL53582347
AGT69961024,Not Renewed,36,76,POL04572453
AGT70703987,Not Renewed,9,60,POL87381995
AGT39692451,Not Renewed,14,53,POL65765097
AGT64433900,Not Renewed,29,37,POL97005943
AGT91238398,Not Renewed,24,44,POL85814059
AGT94726879,Not Renewed,0,96,POL70403090
AGT76546673,Renewed,15,42,POL42122048
AGT50695643,Renewed,38,35,POL21020862
AGT17277870,Pending,10,88,POL81937503
AGT42771894,Pending,12,88,POL62890808
AGT34122818,Pending,24,85,POL51973963
AGT64771614,Pending,23,15,POL47741439
AGT13542602,Pending,41,37,POL76701939
AGT00302874,Renewed,18,33,POL71958850
AGT62637408,Pending,37,30,POL03359385
AGT64151291,Renewed,5,33,POL31903736
AGT55418958,Renewed,36,51,POL58966996
AGT59533752,Not Renewed,8,3,POL13070623
AGT65322640,Not Renewed,41,83,POL05347013
AGT18291374,Renewed,15,3,POL92549260
AGT79693257,Pending,28,32,POL86602241
AGT34955635,Renewed,34,86,POL50804542
AGT07267300,Not Renewed,19,61,POL10635257
AGT09392561,Not Renewed,33,37,POL20115045
AGT78131307,Renewed,39,42,POL73588867
AGT77357572,Renewed,6,99,POL25196574
AGT76797964,Not Renewed,0,88,POL45549290
AGT72724732,Renewed,28,80,POL50830116
AGT33105228,Pending,31,53,POL51962418
AGT07985939,Renewed,34,88,POL93930819
AGT24833184,Renewed,12,21,POL48783282
AGT94871494,Pending,43,98,POL77439955
AGT98217410,Pending,39,79,POL61757675
AGT93505986,Not Renewed,7,52,POL77654130
AGT64941862,Not Renewed,25,80,POL70398119
AGT84309363,Pending,8,56,POL70310488
AGT33550742,Not Renewed,27,41,POL35480649
AGT89121022,Renewed,23,42,POL63615243
AGT01855976,Renewed,9,42,POL09014096
AGT56468822,Pending,15,53,POL82401042
AGT94967946,Not Renewed,39,78,POL43920577
AGT31701527,Pending,35,47,POL77188684
AGT00810065,Renewed,26,22,POL39450388
AGT14669790,Not Renewed,35,96,POL07109537
AGT61067481,Pending,35,35,POL19515945
AGT03722872,Pending,42,57,POL09146332
AGT92071441,Renewed,41,91,POL30313207
AGT54153423,Renewed,4,90,POL22465003
AGT70804556,Renewed,25,4,POL78018067
AGT12367147,Renewed,39,4,POL05468446
AGT75334101,Not Renewed,40,17,POL32493960
AGT34094598,Renewed,14,77,POL76101411
AGT46299459,Not Renewed,11,74,POL50589864
AGT11178675,Pending,19,94,POL31918611
AGT55439596,Not Renewed,16,99,POL21488909
AGT23787585,Not Renewed,36,27,POL05845525
AGT97590681,Renewed,40,80,POL95503927
AGT55391843,Not Renewed,50,77,POL68080704
AGT11710674,Not Renewed,21,67,POL92022218
AGT14413479,Not Renewed,48,37,POL79310767
AGT31793730,Not Renewed,1,24,POL66670427
AGT40176627,Not Renewed,39,96,POL70586146
AGT58872124,Not Renewed,15,33,POL91496475
AGT77064353,Not Renewed,46,4,POL61274835
AGT23539386,Pending,18,25,POL86234151
AGT51263695,Renewed,49,89,POL60096605
AGT02182452,Pending,43,3,POL68847136
AGT59767486,Pending,7,28,POL67256934
AGT96226967,Pending,25,50,POL65820287
AGT16665733,Pending,10,18,POL93117339
AGT77851784,Not Renewed,24,13,POL14706176
AGT08912816,Renewed,26,43,POL44229118
AGT44503789,Renewed,12,26,POL91532160
AGT95106448,Not Renewed,31,71,POL17634644
AGT27089944,Renewed,50,77,POL40092390
AGT07814678,Not Renewed,38,46,POL03596444
AGT44361981,Not Renewed,43,8,POL83335990
AGT08913730,Pending,32,78,POL62011769
AGT87632695,Not Renewed,13,97,POL56054127
AGT26499015,Not Renewed,20,1,POL34279255
AGT28918772,Pending,37,99,POL35733918
AGT36687186,Pending,14,3,POL82947020
AGT16892276,Not Renewed,30,60,POL14835880
AGT72044534,Not Renewed,30,24,POL84917275
AGT45166693,Pending,16,90,POL50465451
AGT62936747,Not Renewed,41,34,POL63433584
AGT61707672,Renewed,19,23,POL11950441
AGT65646400,Pending,28,71,POL99336458
AGT79405065,Not Renewed,8,4,POL56891224
AGT11062738,Not Renewed,26,68,POL35855900
AGT65796541,Renewed,44,88,POL40918381
AGT23134524,Pending,42,89,POL91751592
AGT00415170,Not Renewed,50,39,POL01655235
AGT23327928,Renewed,44,28,POL69912538
AGT00508512,Renewed,9,14,POL77983903
AGT06490141,Not Renewed,39,47,POL47755970
AGT44232479,Renewed,37,56,POL63646806
AGT06012403,Renewed,50,98,POL83969664
AGT67513990,Renewed,35,75,POL51974701
AGT62911171,Pending,9,90,POL12364849
AGT23764525,Not Renewed,37,99,POL89559053
AGT83654229,Renewed,44,40,POL04079645
AGT27816357,Not Renewed,45,52,POL59539217
AGT34205282,Pending,35,31,POL05422955
AGT51591780,Not Renewed,11,88,POL95032278
AGT67201203,Renewed,1,52,POL10231732
AGT53828323,Pending,46,11,POL42878655
AGT07240583,Renewed,0,68,POL20029148
AGT19514542,Pending,16,45,POL30144763
AGT41563030,Pending,42,12,POL43518284
AGT31484353,Pending,5,16,POL58245588
AGT89658446,Not Renewed,19,96,POL26021266
AGT68055130,Pending,3,96,POL20726693
AGT85014019,Not Renewed,12,99,POL57578050
AGT40742386,Renewed,30,90,POL40860073
AGT81436591,Not Renewed,37,57,POL53248656
AGT56323679,Renewed,10,51,POL94500784
AGT64069744,Pending,35,37,POL70863328
AGT09345111,Pending,45,86,POL53955100
AGT07645996,Renewed,5,50,POL83013724
AGT98031117,Pending,31,21,POL26961940
AGT79613208,Pending,38,38,POL21551791
AGT70741009,Pending,20,74,POL25617891
AGT30544800,Not Renewed,18,44,POL96709207
AGT71504423,Renewed,25,80,POL53111704
AGT75093896,Pending,7,88,POL37879847
AGT07824938,Not Renewed,42,39,POL32906837
AGT83763448,Pending,22,32,POL48302488
AGT66495472,Not Renewed,23,33,POL20699215
AGT56552672,Not Renewed,26,55,POL45984602
AGT15412915,Renewed,15,16,POL73703547
AGT75970650,Not Renewed,18,9,POL50805715
AGT47163328,Not Renewed,16,29,POL13559855
AGT11516690,Pending,46,84,POL54448931
AGT75996071,Not Renewed,23,29,POL50406144
AGT38382853,Not Renewed,17,43,POL80050705
AGT91217181,Renewed,17,93,POL99672508
AGT10447549,Renewed,9,92,POL29892884
AGT58552489,Renewed,16,77,POL71169830
AGT48810450,Renewed,13,50,POL06341687
AGT37801759,Not Renewed,14,5,POL30102239
AGT34748309,Renewed,28,93,POL64958007
AGT18161551,Pending,13,27,POL74375234
AGT75971090,Not Renewed,20,24,POL19188778
AGT21817908,Renewed,5,22,POL23066229
AGT44988899,Pending,43,45,POL92741100
AGT05779481,Renewed,13,81,POL80263334
AGT28828766,Renewed,44,49,POL11539302
AGT46828405,Pending,17,32,POL61616519
AGT86571956,Renewed,11,58,POL59779212
AGT87216429,Not Renewed,18,81,POL46435605
AGT11977071,Not Renewed,19,64,POL00076326
AGT92208446,Not Renewed,29,49,POL80491812
AGT91205446,Pending,44,41,POL71149711
AGT73116995,Not Renewed,12,94,POL44317279
AGT07329342,Renewed,4,51,POL60410061
AGT49977463,Renewed,44,95,POL71490424
AGT21500742,Pending,32,41,POL48116183
AGT33569735,Not Renewed,26,1,POL11366285
AGT99499187,Not Renewed,12,73,POL27312649
AGT93865628,Not Renewed,2,40,POL23616095
AGT82294030,Renewed,12,51,POL17842339
AGT94843303,Pending,35,32,POL31482176
AGT25453537,Not Renewed,32,9,POL93065434
AGT60101526,Pending,32,13,POL20797511
AGT05038364,Renewed,17,58,POL19022484
AGT28073266,Not Renewed,30,93,POL54437917
AGT41120227,Pending,20,48,POL79171752
AGT85658830,Not Renewed,21,97,POL77295889
AGT50872517,Renewed,26,28,POL28518330
AGT43614829,Pending,17,8,POL27667498
AGT43365564,Pending,0,46,POL74240303
AGT08272503,Pending,35,70,POL02642777
AGT03994448,Not Renewed,38,54,POL53266235
AGT48389700,Pending,42,57,POL89472328
AGT30765130,Not Renewed,17,59,POL72999115
AGT89814591,Not Renewed,43,61,POL22426524
AGT18594249,Not Renewed,50,79,POL77977275
AGT89642931,Not Renewed,1,79,POL36741877
AGT07793676,Not Renewed,14,80,POL81138188
AGT30761377,Pending,4,50,POL37789454
AGT82048742,Pending,27,7,POL26231753
AGT15515744,Renewed,36,78,POL72768482
AGT38652107,Pending,14,60,POL44711941
AGT95614477,Renewed,0,51,POL61600687
AGT65383645,Pending,9,63,POL40292999
AGT92468127,Not Renewed,25,60,POL18325532
AGT14000895,Pending,47,26,POL35135678
AGT74186962,Pending,34,31,POL84035014
AGT69814164,Pending,0,78,POL91245817
AGT02354571,Pending,29,9,POL25453349
AGT07142597,Not Renewed,4,28,POL79359714
AGT14241399,Renewed,7,20,POL28053301
AGT63177974,Not Renewed,43,7,POL83112617
AGT69238844,Pending,23,24,POL70257677
AGT07091417,Renewed,10,91,POL18727318
AGT13505033,Not Renewed,0,2,POL06351305
AGT21820119,Not Renewed,47,12,POL65755562
AGT39266885,Not Renewed,21,43,POL10423452
AGT26550887,Pending,49,43,POL01955713
AGT70599470,Pending,5,26,POL56961629
AGT91735732,Renewed,39,33,POL45153648
AGT24143324,Not Renewed,50,8,POL18028969
AGT55410018,Pending,32,82,POL91672539
AGT62578062,Not Renewed,37,23,POL28953016
AGT20323888,Pending,36,53,POL38988950
AGT58342090,Renewed,23,49,POL27507809
AGT55187719,Pending,23,61,POL00831253
AGT54362901,Pending,10,14,POL83671253
AGT83027420,Pending,5,76,POL27100819
AGT43786842,Pending,29,24,POL04601577
AGT97773558,Not Renewed,45,27,POL04910841
AGT81173622,Not Renewed,19,35,POL92491659
AGT20442049,Pending,48,10,POL30360159
AGT09855316,Not Renewed,29,7,POL01068804
AGT92063010,Pending,29,9,POL03033132
AGT29809757,Renewed,15,54,POL48255103
AGT20207459,Pending,7,34,POL94723645
AGT75590453,Pending,1,41,POL28172331
AGT96663442,Renewed,33,8,POL70866234
AGT55471388,Not Renewed,29,75,POL14684878
AGT77443040,Pending,4,34,POL94943347
AGT40491911,Not Renewed,34,70,POL31224830
AGT99933473,Not Renewed,16,96,POL33177916
AGT89416734,Renewed,46,3,POL14072112
AGT30576565,Pending,32,60,POL09462965
AGT27397676,Renewed,42,57,POL69777787
AGT29974315,Renewed,40,82,POL23581745
AGT02311403,Pending,49,32,POL21865118
AGT15408598,Not Renewed,27,69,POL79962283
AGT79371333,Pending,9,80,POL44992881
AGT11814318,Pending,32,81,POL51700588
AGT64806683,Renewed,8,11,POL75657317
AGT83948741,Not Renewed,11,23,POL51395924
AGT36722073,Renewed,6,100,POL75494464
AGT16180070,Pending,28,62,POL87711451
AGT43130399,Pending,39,14,POL66860672
AGT30968592,Pending,6,41,POL05225694
AGT35253662,Renewed,28,35,POL02258663
AGT31165624,Renewed,18,28,POL75098865
AGT06416909,Not Renewed,43,10,POL24582838
AGT21698382,Pending,48,36,POL77765185
AGT61758324,Renewed,3,92,POL75914495
AGT85371670,Not Renewed,22,92,POL23336703
AGT18100999,Not Renewed,35,37,POL82679187
AGT49009076,Pending,32,19,POL05037648
AGT29547199,Not Renewed,18,4,POL96221318
AGT58453617,Not Renewed,13,48,POL27915739
AGT10065682,Pending,2,9,POL98680765
AGT82792142,Not Renewed,13,27,POL71597887
AGT30216554,Not Renewed,39,20,POL71437971
AGT25986929,Renewed,19,10,POL77500354
AGT68876655,Renewed,3,79,POL76996418
AGT91428468,Not Renewed,16,21,POL37906683
AGT86092059,Renewed,22,52,POL45303866
AGT55426155,Renewed,41,13,POL60056200
AGT11781347,Not Renewed,3,36,POL85480742
AGT08375141,Not Renewed,23,61,POL11311249
AGT35694138,Pending,44,96,POL77958772
AGT51761655,Pending,17,96,POL05185447
AGT68645305,Renewed,11,38,POL18055024
AGT47187117,Renewed,0,32,POL11682509
AGT45146544,Not Renewed,48,16,POL87334776
AGT53938500,Not Renewed,22,59,POL60959014
AGT16849779,Renewed,44,16,POL07946398
AGT51585466,Renewed,26,78,POL85374430
AGT10183960,Not Renewed,10,37,POL76059961
AGT04317363,Pending,10,71,POL52778521
AGT40982629,Not Renewed,35,6,POL32646006
AGT56308472,Renewed,38,94,POL86718236
AGT13384424,Not Renewed,46,45,POL00862798
AGT76419960,Not Renewed,32,79,POL98618330
AGT77448089,Renewed,3,94,POL66992068
AGT69426026,Not Renewed,27,7,POL82970640
AGT18178442,Pending,36,94,POL25517652
AGT40000198,Renewed,41,61,POL06409803
AGT16573224,Renewed,2,4,POL88450754
AGT69955273,Not Renewed,39,6,POL51127842
AGT72710705,Pending,7,38,POL58793431
AGT14286748,Pending,31,28,POL84536532
AGT16498268,Not Renewed,29,69,POL46047482
AGT89205816,Pending,28,70,POL18422174
AGT10960372,Pending,34,99,POL65121827
AGT86766428,Not Renewed,1,20,POL30700700
AGT80166888,Pending,22,35,POL26217907
AGT67352734,Renewed,50,93,POL28359408
AGT96609345,Pending,5,48,POL39585916
AGT45376101,Pending,25,1,POL40288131
AGT08721596,Not Renewed,20,33,POL12588543
AGT58829613,Renewed,11,61,POL94299396
AGT20609453,Pending,30,99,POL01953510
AGT01755514,Pending,32,43,POL53180986
AGT88642752,Not Renewed,23,44,POL60529596
AGT42870459,Renewed,46,43,POL17699181
AGT60995113,Not Renewed,10,26,POL85518381
AGT75044830,Pending,44,85,POL00790731
AGT77160426,Pending,20,86,POL79308293
AGT70303785,Not Renewed,48,81,POL75583220
AGT52211491,Pending,13,38,POL93077983
AGT73870785,Renewed,29,35,POL41162519
AGT19540993,Renewed,14,78,POL21013410
AGT10269202,Not Renewed,22,25,POL73536906
AGT66193903,Renewed,41,38,POL80301647
AGT40327186,Renewed,3,49,POL79966692
AGT89542709,Renewed,45,57,POL14879776
AGT30765121,Not Renewed,32,10,POL58623707
AGT77793827,Pending,4,12,POL10386302
AGT39948651,Pending,0,25,POL56491969
AGT07490860,Not Renewed,48,95,POL99602250
AGT83076835,Renewed,40,9,POL01897492
AGT11234490,Not Renewed,37,22,POL03026921
AGT68648460,Renewed,46,97,POL36441789
AGT34930585,Renewed,32,40,POL21292296
AGT53048156,Not Renewed,19,39,POL38348666
AGT25696620,Renewed,46,17,POL58185281
AGT38103461,Renewed,30,50,POL82403986
AGT81224653,Pending,41,21,POL69345542
AGT22985672,Renewed,8,93,POL61565089
AGT68351380,Renewed,4,64,POL72131385
AGT06991321,Not Renewed,40,19,POL99575360
AGT16670057,Not Renewed,32,61,POL73764767
AGT64665927,Pending,21,47,POL15585087
AGT38431006,Pending,6,35,POL59775349
AGT09715608,Not Renewed,3,80,POL33945420
AGT34951947,Renewed,3,50,POL02432943
AGT17971375,Not Renewed,46,85,POL33232710
AGT06918363,Renewed,20,17,POL92258412
AGT47225197,Not Renewed,21,87,POL26888148
AGT32170586,Pending,48,40,POL94726413
AGT76343267,Pending,10,56,POL73854383
AGT70645262,Not Renewed,5,11,POL19911528
AGT96635757,Not Renewed,41,66,POL89952764
AGT34379979,Not Renewed,6,57,POL41639012
AGT81450492,Not Renewed,46,30,POL38343188
AGT49827067,Not Renewed,9,47,POL60365755
AGT13513566,Pending,34,7,POL72072111
AGT53043808,Not Renewed,8,21,POL69526791
AGT56661662,Renewed,45,44,POL75813186
AGT08845045,Renewed,28,20,POL54348718
AGT31445639,Renewed,4,43,POL01382311
AGT51549884,Renewed,18,1,POL91394495
AGT02876543,Renewed,2,8,POL27929198
AGT27940575,Renewed,18,66,POL96583337
AGT52580249,Not Renewed,46,21,POL42489589
AGT72111439,Not Renewed,38,88,POL62455700
AGT10089719,Pending,30,6,POL06553987
AGT72791493,Renewed,36,72,POL64197228
AGT37297514,Pending,7,51,POL23778009
AGT86653429,Not Renewed,2,78,POL89539607
AGT47730022,Pending,26,41,POL77225479
AGT23837758,Not Renewed,39,88,POL80674848
AGT24575955,Renewed,19,86,POL70742419
AGT86377383,Not Renewed,48,69,POL10130655
AGT90207975,Not Renewed,40,7,POL35832686
AGT93355318,Not Renewed,26,97,POL27597307
AGT23728239,Renewed,26,37,POL18801240
AGT71657679,Renewed,26,54,POL88077264
AGT10393590,Pending,48,88,POL28486225
AGT47479021,Renewed,36,99,POL51666989
AGT56435523,Renewed,45,57,POL84313861
AGT28458676,Renewed,39,33,POL95370014
AGT92230513,Pending,34,3,POL90934498
AGT53142267,Renewed,48,81,POL63879412
AGT81886985,Not Renewed,24,16,POL16556269
AGT82280300,Pending,3,50,POL79052116
AGT23359758,Not Renewed,39,37,POL42869985
AGT70183878,Pending,23,22,POL83165381
AGT57643810,Pending,5,25,POL55184793
AGT10328564,Renewed,15,1,POL58505380
AGT13023382,Not Renewed,43,82,POL05441250
AGT63554768,Not Renewed,1,79,POL01003100
AGT88342414,Renewed,46,38,POL90883106
AGT52725736,Not Renewed,21,78,POL24756615
AGT27964540,Pending,39,93,POL68840569
AGT73250290,Not Renewed,42,36,POL59080097
AGT09202087,Not Renewed,31,32,POL75342581
AGT33462929,Renewed,47,100,POL80560091
AGT33646681,Renewed,3,50,POL19924089
AGT24123322,Not Renewed,43,52,POL65040463
AGT26732066,Not Renewed,40,34,POL48871817
AGT35694926,Pending,8,45,POL41207897
AGT75086221,Not Renewed,7,97,POL47660863
AGT65211786,Not Renewed,39,83,POL30839784
AGT40942105,Renewed,10,86,POL37677741
AGT62215753,Renewed,31,18,POL67385863
AGT86707971,Not Renewed,14,11,POL52131318
AGT81747217,Pending,5,76,POL19793427
AGT24449694,Not Renewed,20,9,POL21472760
AGT11922744,Not Renewed,48,64,POL58933149
AGT26076493,Pending,23,31,POL25392096
AGT94835963,Pending,39,3,POL12917640
AGT64097179,Pending,7,89,POL99154634
AGT49624335,Pending,22,12,POL63440106
AGT49245664,Not Renewed,29,40,POL83258516
AGT71236709,Not Renewed,26,10,POL94782191
AGT82854714,Not Renewed,0,44,POL15463503
AGT80220827,Renewed,35,9,POL20706206
AGT14025957,Pending,16,49,POL00874992
AGT52528684,Not Renewed,12,40,POL44369068
AGT55199019,Renewed,48,2,POL22842025
AGT43552718,Pending,8,72,POL09444948
AGT27976365,Pending,41,30,POL28145230
AGT86110587,Not Renewed,25,54,POL71626215
AGT45149392,Renewed,33,64,POL34664875
AGT06716573,Renewed,15,61,POL63887686
AGT23851228,Pending,43,36,POL26441179
AGT15090095,Pending,12,30,POL94534713
AGT87557610,Pending,18,15,POL61326572
AGT00588361,Renewed,30,78,POL02370104
AGT39932908,Renewed,8,45,POL25240752
AGT56094221,Renewed,47,52,POL09632911
AGT18077838,Renewed,24,60,POL96461175
AGT29470577,Not Renewed,25,86,POL87625141
AGT67691960,Not Renewed,36,7,POL72620502
AGT40649534,Renewed,4,41,POL06079689
AGT44460415,Pending,9,47,POL88411869
AGT89512041,Not Renewed,1,70,POL55036826
AGT33751603,Pending,31,34,POL50892587
AGT22085996,Not Renewed,12,29,POL80170716
AGT39920368,Not Renewed,1,92,POL39619519
AGT38282186,Not Renewed,14,9,POL50101215
AGT50627769,Not Renewed,40,93,POL00700775
AGT01927888,Not Renewed,41,51,POL67523094
AGT57208382,Not Renewed,17,4,POL72000232
AGT87343883,Renewed,8,42,POL90189213
AGT57309182,Renewed,28,72,POL92386046
AGT42533329,Pending,6,45,POL73143221
AGT69827735,Not Renewed,36,47,POL53379185
AGT16179367,Pending,34,50,POL47327506
AGT84536336,Pending,33,80,POL13383594
AGT95764320,Pending,27,49,POL67043142
AGT42156875,Not Renewed,18,78,POL50918861
AGT45465916,Not Renewed,42,92,POL36441440
AGT74314112,Renewed,21,10,POL96262921
AGT59997160,Not Renewed,28,83,POL99499463
AGT52483847,Renewed,49,74,POL91712276
AGT38209641,Not Renewed,18,52,POL31787198
AGT89577600,Not Renewed,6,94,POL08738740
AGT34238646,Renewed,36,46,POL17891442
AGT69874293,Renewed,40,14,POL71538226
AGT01681681,Not Renewed,3,53,POL77743586
AGT15769069,Pending,7,6,POL05711191
AGT31291538,Renewed,7,90,POL22946424
AGT43900235,Renewed,2,3,POL20614853
AGT61480686,Pending,11,36,POL86747748
AGT17403849,Renewed,0,35,POL29088779
AGT01833144,Renewed,22,37,POL93447913
AGT13205473,Renewed,15,62,POL41257003
AGT27597022,Pending,32,77,POL99145104
AGT47029292,Renewed,50,47,POL46952826
AGT56754655,Pending,13,48,POL21888730
AGT08512331,Renewed,2,93,POL21102975
AGT48652271,Not Renewed,31,10,POL92124618
AGT92337556,Pending,40,80,POL01760964
AGT29014646,Renewed,44,66,POL54754157
AGT35957207,Pending,31,96,POL25321971
AGT44523020,Pending,0,31,POL27825756
AGT10898526,Pending,37,16,POL96689813
AGT70506510,Pending,34,70,POL54131362
AGT45072302,Not Renewed,21,36,POL08111147
AGT22308714,Not Renewed,38,66,POL10125019
AGT50878522,Renewed,37,24,POL18629977
AGT58376718,Pending,23,54,POL05757630
AGT17988290,Renewed,39,93,POL34609667
AGT04993407,Pending,34,80,POL28345234
AGT10063562,Renewed,38,34,POL43038676
AGT52655520,Pending,19,33,POL45200895
AGT38826618,Not Renewed,25,64,POL45269265
AGT31343400,Pending,45,78,POL85051035
AGT91560052,Pending,37,86,POL77001792
AGT94987830,Not Renewed,6,35,POL16384443
AGT36654775,Renewed,13,33,POL58924354
AGT40137090,Not Renewed,44,100,POL61380833
AGT60594561,Not Renewed,13,47,POL13756321
AGT66173437,Pending,16,1,POL05422944
AGT86102098,Not Renewed,3,89,POL46408344
AGT41438464,Pending,37,13,POL06244566
AGT16927362,Pending,7,4,POL81978916
AGT94697022,Pending,48,15,POL38653037
AGT00894685,Renewed,9,99,POL09045141
AGT20328171,Renewed,9,9,POL90750748
AGT52551133,Renewed,0,57,POL21603808
AGT12658374,Pending,26,27,POL05899397
AGT03300478,Not Renewed,31,59,POL80956972
AGT68506638,Renewed,10,91,POL19177817
AGT56428080,Renewed,22,74,POL92889380
AGT90374060,Pending,3,15,POL78176386
AGT31967687,Pending,30,64,POL04691373
AGT48785733,Renewed,47,33,POL86881272
AGT21495798,Not Renewed,14,15,POL50787866
AGT77594004,Renewed,7,94,POL16680260
AGT16417201,Pending,36,43,POL11235338
AGT86361652,Pending,50,11,POL95397773
AGT65162667,Pending,11,43,POL03108905
AGT35484081,Renewed,5,49,POL40242558
AGT48143995,Not Renewed,26,59,POL92654706
AGT22568757,Pending,41,64,POL79167800
AGT76688130,Renewed,34,37,POL25010710
AGT66247641,Renewed,43,61,POL07883345
AGT18963304,Renewed,49,6,POL88877150
AGT02398751,Pending,15,64,POL10715809
AGT74909667,Not Renewed,33,81,POL96943795
AGT60459885,Pending,39,30,POL87949298
AGT63420461,Not Renewed,38,15,POL31242516
AGT53707768,Pending,38,30,POL02018032
AGT87837652,Pending,18,38,POL04376186
AGT83638122,Pending,25,11,POL19709461
AGT35387477,Renewed,37,9,POL62969017
AGT80415491,Renewed,2,96,POL63810929
AGT67390325,Not Renewed,32,57,POL73385230
AGT21926359,Not Renewed,10,53,POL75665661
AGT28385844,Not Renewed,2,66,POL42401961
AGT62073164,Not Renewed,5,18,POL81304497
AGT58494042,Not Renewed,41,30,POL43112527
AGT56572242,Renewed,44,97,POL51431594
AGT62792372,Renewed,34,52,POL01761052
AGT87066886,Not Renewed,5,81,POL40414509
AGT16937584,Renewed,4,93,POL90757042
AGT91226468,Pending,14,5,POL03903128
AGT70649070,Pending,49,2,POL76144005
AGT71367337,Not Renewed,3,81,POL64086911
AGT90861627,Not Renewed,22,69,POL57255628
AGT01486373,Pending,18,38,POL23599244
AGT05786826,Pending,22,77,POL28741464
AGT87148625,Pending,26,43,POL75577474
AGT87148761,Renewed,19,34,POL65525755
AGT47368133,Not Renewed,34,29,POL82520665
AGT74398198,Not Renewed,32,30,POL74434126
AGT28175449,Not Renewed,10,82,POL85168651
AGT19195332,Not Renewed,5,35,POL83633099
AGT38672937,Not Renewed,1,67,POL24186172
AGT07494892,Pending,13,99,POL07053909
AGT37209201,Pending,48,60,POL84894422
AGT83826476,Renewed,16,7,POL75119597
AGT89727526,Pending,41,15,POL51011477
AGT10982844,Pending,2,8,POL48850895
AGT21760158,Pending,26,71,POL24286854
AGT05869470,Not Renewed,32,62,POL13813789
AGT82205993,Pending,7,17,POL73426057
AGT93962598,Pending,43,98,POL50813853
AGT03680729,Not Renewed,40,61,POL98385553
AGT66225466,Pending,35,85,POL93524693
AGT11628866,Not Renewed,20,25,POL28999466
AGT84263446,Not Renewed,2,15,POL20316923
AGT89900219,Renewed,35,68,POL90352176
AGT78074097,Renewed,3,19,POL76724353
AGT25278698,Pending,26,45,POL02097405
AGT35643053,Not Renewed,0,34,POL31424622
AGT57623856,Pending,29,66,POL25895940
AGT82098534,Not Renewed,22,15,POL16366853
AGT37491168,Pending,25,5,POL80090521
AGT29669995,Not Renewed,17,63,POL55309097
AGT63101793,Not Renewed,37,51,POL86348344
AGT13615911,Renewed,21,56,POL22122728
AGT49587146,Pending,30,93,POL90177568
AGT79970849,Not Renewed,8,21,POL23565642
AGT35840435,Pending,15,17,POL72422033
AGT56150027,Pending,47,12,POL95639941
AGT38692502,Renewed,38,88,POL83116097
AGT50869404,Renewed,42,49,POL91451194
AGT33892713,Not Renewed,23,90,POL38948704
AGT61633049,Renewed,9,11,POL41034337
AGT94545406,Pending,49,8,POL43471833
AGT11940692,Renewed,2,25,POL69546989
AGT37021573,Renewed,29,6,POL65041637
AGT73410286,Pending,27,12,POL39194296
AGT60325093,Pending,13,15,POL05755013
AGT17421478,Not Renewed,50,50,POL51199484
AGT28087956,Renewed,22,14,POL01616706
AGT43324463,Pending,28,40,POL16109896
AGT40157357,Pending,5,67,POL39219301
AGT27406281,Not Renewed,11,59,POL90263618
AGT77500984,Not Renewed,0,13,POL11702115
AGT28257925,Not Renewed,1,29,POL87735228
AGT39417649,Renewed,5,69,POL58712097
AGT47466808,Pending,10,54,POL64806756
AGT44338704,Not Renewed,6,9,POL46052776
AGT51191981,Renewed,30,62,POL59354713
AGT26290466,Renewed,35,76,POL64516432
AGT33127589,Renewed,42,98,POL71891068
AGT90030803,Not Renewed,25,93,POL80333003
AGT96515567,Not Renewed,6,56,POL36980547
AGT90305635,Not Renewed,37,99,POL58860880
AGT50675364,Pending,1,87,POL77178021
AGT35363026,Renewed,2,75,POL69269293
AGT23812663,Not Renewed,42,49,POL10755071
AGT59431661,Not Renewed,15,33,POL83932917
AGT92670415,Renewed,45,6,POL30832962
AGT76118615,Not Renewed,50,78,POL74345799
AGT46007016,Not Renewed,50,64,POL61443977
AGT81477800,Pending,3,92,POL75770781
AGT17534254,Pending,19,60,POL80727318
AGT43178186,Pending,9,55,POL18952128
AGT62048697,Not Renewed,14,52,POL42317567
AGT49458975,Pending,3,71,POL63888565
AGT66420760,Not Renewed,9,40,POL30873119
AGT87242817,Not Renewed,31,5,POL62871234
AGT18884220,Renewed,47,13,POL18819689
AGT31226558,Not Renewed,8,16,POL16070403
AGT01560546,Renewed,36,44,POL60646707
AGT08130203,Renewed,46,90,POL32772716
AGT99170180,Not Renewed,48,59,POL95213167
AGT48392982,Renewed,39,31,POL31757726
AGT37796742,Renewed,48,75,POL48239604
AGT54611926,Not Renewed,40,30,POL44439232
AGT97821101,Pending,25,40,POL88923538
AGT97024352,Not Renewed,33,85,POL76125657
AGT29094657,Not Renewed,48,55,POL88975946
AGT33763743,Not Renewed,12,38,POL68700634
AGT81877182,Renewed,19,66,POL49857741
AGT37641676,Not Renewed,45,74,POL19229138
AGT29604624,Not Renewed,33,20,POL75076805
AGT24125945,Pending,25,62,POL02009211
AGT92041556,Pending,28,17,POL57089386
AGT45221264,Pending,22,90,POL14906583
AGT39111510,Renewed,15,67,POL02523874
AGT78497444,Renewed,3,10,POL93167566
AGT36772556,Renewed,20,57,POL38489977
AGT34796602,Pending,23,45,POL67771931
AGT73276235,Not Renewed,34,54,POL25416062
AGT70089191,Not Renewed,38,94,POL71333294
AGT35679825,Not Renewed,7,28,POL59833526
AGT48802978,Pending,33,4,POL25350275
AGT27790810,Not Renewed,46,23,POL75778354
AGT17228513,Pending,16,78,POL19200793
AGT85767244,Pending,26,67,POL94710663
AGT91579507,Not Renewed,2,86,POL94207540
AGT02941324,Not Renewed,23,55,POL30316211
AGT63287381,Renewed,48,40,POL98087224
AGT08725498,Renewed,39,19,POL33352305
AGT53000157,Not Renewed,43,58,POL71278302
AGT02427859,Pending,36,56,POL18044385
AGT39696464,Not Renewed,26,94,POL27083712
AGT48639808,Pending,34,79,POL85712571
AGT82258804,Renewed,43,1,POL03040811
AGT93755716,Pending,40,60,POL27437608
AGT73642940,Renewed,10,56,POL87258820
AGT48607715,Pending,31,98,POL83312613
AGT97857831,Pending,22,65,POL40215067
AGT08731727,Renewed,2,34,POL06350413
AGT34328156,Not Renewed,12,51,POL92999675
AGT77697788,Pending,0,17,POL14084452
AGT80802696,Not Renewed,38,54,POL32669675
AGT84691100,Renewed,1,76,POL38638977
AGT34575181,Not Renewed,34,78,POL16642790
AGT27787080,Renewed,5,40,POL20525212
AGT47001627,Pending,7,43,POL94568655
AGT69351585,Not Renewed,18,97,POL97188917
AGT26707211,Not Renewed,48,19,POL44866114
AGT90474136,Pending,31,31,POL14768104
AGT65459694,Renewed,48,100,POL84783513
AGT14531371,Not Renewed,25,67,POL39824076
AGT98186910,Pending,34,18,POL87395621
AGT78486063,Pending,46,95,POL47337085
AGT75137301,Pending,37,80,POL09137788
AGT42251005,Renewed,19,27,POL18109413
AGT64990582,Pending,19,45,POL98954758
AGT03361970,Renewed,39,1,POL89918097
AGT33064955,Not Renewed,33,12,POL57420005
AGT41177303,Renewed,17,95,POL55813188
AGT71044411,Pending,30,78,POL13957620
AGT29255598,Pending,30,86,POL91419021
AGT34621918,Pending,49,9,POL12299687
AGT28455488,Renewed,1,3,POL89273756
AGT42866434,Not Renewed,41,76,POL19285022
AGT12155044,Renewed,4,11,POL17436318
AGT13427034,Not Renewed,23,8,POL96697698
AGT09655008,Not Renewed,42,94,POL75979242
AGT65890885,Renewed,1,55,POL05438535
AGT39444101,Not Renewed,5,28,POL78402619
AGT61606418,Renewed,11,34,POL87581875
AGT31346386,Pending,12,35,POL47653540
AGT47153337,Pending,44,30,POL17886964
AGT22391038,Pending,14,30,POL20382669
AGT81198254,Renewed,29,83,POL87600552
AGT30037297,Renewed,45,66,POL44007868
AGT29338297,Renewed,48,28,POL41189495
AGT16070327,Renewed,23,80,POL69142405
AGT88447930,Not Renewed,27,78,POL15552279
AGT10291213,Not Renewed,48,65,POL49796640
AGT58395717,Pending,49,11,POL08274005
AGT90389633,Pending,14,36,POL96802208
AGT68554383,Not Renewed,40,53,POL56794770
AGT11030602,Not Renewed,40,48,POL64349650
AGT47843632,Renewed,0,11,POL06336076
AGT44091780,Renewed,29,35,POL07367741
AGT66192018,Pending,0,27,POL81900573
AGT71509384,Renewed,24,92,POL23594874
AGT61255956,Not Renewed,49,63,POL01048465
AGT33830594,Pending,17,15,POL47162094
AGT12122721,Renewed,16,2,POL20394281
AGT50506627,Not Renewed,6,1,POL33725370
AGT00961440,Not Renewed,23,40,POL64365523
AGT01351488,Renewed,8,19,POL47060142
AGT41800937,Not Renewed,12,11,POL66448558
AGT32498264,Pending,28,36,POL34084242
AGT09176413,Not Renewed,28,21,POL11723296
AGT38630652,Not Renewed,11,58,POL36118464
AGT05539539,Renewed,12,22,POL66055000
AGT39853641,Not Renewed,37,70,POL02979851
AGT42149212,Not Renewed,6,93,POL63461298
AGT42429170,Not Renewed,14,89,POL31396762
AGT72577580,Not Renewed,20,29,POL70014788
AGT09806626,Renewed,48,61,POL38002249
AGT18385295,Not Renewed,24,18,POL35182756
AGT36913776,Not Renewed,1,81,POL08758463
AGT61541716,Pending,35,75,POL76536421
AGT40585779,Pending,12,25,POL85498031
AGT65952651,Pending,35,81,POL86414767
AGT08934606,Pending,16,34,POL24233428
AGT32282079,Not Renewed,7,84,POL68324145
AGT63450811,Not Renewed,27,23,POL82024984
AGT66053049,Not Renewed,4,62,POL33132201
AGT45927210,Pending,49,30,POL05477127
AGT46639984,Renewed,27,77,POL02410052
AGT74178084,Renewed,32,39,POL63841611
AGT11404949,Pending,40,44,POL68447418
AGT92014316,Not Renewed,33,64,POL09476689
AGT32253357,Renewed,22,57,POL99781193
AGT09910291,Pending,46,97,POL86878649
AGT67477818,Renewed,13,20,POL96966394
AGT01523212,Pending,28,83,POL89382366
AGT43531160,Not Renewed,24,58,POL23611289
AGT59173331,Pending,35,74,POL04897483
AGT89160939,Not Renewed,22,8,POL55604629
AGT35350430,Renewed,27,13,POL99777818
AGT00258139,Not Renewed,41,27,POL33527199
AGT86084107,Renewed,11,49,POL42502114
AGT52196681,Renewed,5,72,POL90366335
AGT78696823,Pending,28,35,POL49414469
AGT95746701,Not Renewed,7,92,POL47418940
AGT29408195,Not Renewed,32,42,POL74047876
AGT58234531,Not Renewed,9,71,POL03776378
AGT63826131,Pending,35,84,POL05559370
AGT28741636,Renewed,8,53,POL30983744
AGT26136588,Renewed,1,92,POL38989710
AGT10134418,Renewed,35,10,POL26638176
AGT89611531,Pending,6,23,POL02132679
AGT63972678,Not Renewed,38,23,POL80780707
AGT98262497,Pending,32,53,POL53814466
AGT58072310,Pending,11,24,POL85755692
AGT77665196,Pending,46,7,POL34491800
AGT10798682,Renewed,41,98,POL43894987
AGT60256623,Pending,30,22,POL83352802
AGT48648196,Renewed,40,66,POL77797320
AGT87886601,Renewed,41,91,POL11981142
AGT80112756,Pending,31,29,POL49316714
AGT16013168,Renewed,50,83,POL77047263
AGT26101789,Renewed,39,6,POL63829204
AGT11850511,Pending,32,26,POL68917134
AGT81826907,Renewed,48,69,POL51777585
AGT93914108,Pending,45,59,POL12063534
AGT23926614,Not Renewed,1,65,POL40022085
AGT48297489,Not Renewed,19,92,POL00255979
AGT43386489,Not Renewed,8,42,POL07593318
AGT24206107,Pending,12,21,POL60886939
AGT36032088,Renewed,3,38,POL16238853
AGT59901984,Not Renewed,3,27,POL63634769
AGT08052756,Pending,35,51,POL21670174
AGT76620075,Not Renewed,27,61,POL14632307
AGT25807500,Renewed,19,76,POL42215039
AGT11891977,Renewed,20,10,POL70674011
AGT18760407,Renewed,45,88,POL17046298
AGT36376460,Renewed,36,54,POL89915201
AGT04684814,Not Renewed,37,75,POL42743605
AGT59311679,Renewed,14,90,POL25852828
AGT97943582,Pending,5,44,POL56810401
AGT97446453,Pending,2,76,POL22122235
AGT65216818,Pending,13,3,POL07274715
AGT35872755,Renewed,48,58,POL64016468
AGT83182603,Pending,43,93,POL53040094
AGT12855540,Pending,47,44,POL92249528
AGT85233413,Renewed,18,45,POL33469758
AGT33029455,Pending,16,36,POL77489665
AGT24709358,Not Renewed,8,70,POL69506822
AGT40776814,Not Renewed,31,24,POL46846423
AGT45173601,Renewed,11,1,POL09280039
AGT68303469,Not Renewed,6,11,POL43731827
AGT92689840,Renewed,15,71,POL20321964
AGT31944289,Pending,26,66,POL35769314
AGT24923093,Pending,4,66,POL29044573
AGT01533792,Renewed,28,92,POL84360532
AGT19368023,Not Renewed,23,67,POL91389692
AGT41113260,Pending,8,50,POL01510023
AGT07785311,Pending,50,37,POL24627769
AGT53160198,Renewed,45,39,POL80710223
AGT79987069,Renewed,17,86,POL24132405
AGT57054730,Renewed,3,87,POL14931411
AGT46049154,Renewed,25,42,POL22105377
AGT96502109,Pending,38,50,POL42020993
AGT32149378,Renewed,45,17,POL95259878
AGT88211515,Not Renewed,36,64,POL64342111
AGT53361275,Not Renewed,38,73,POL88446355
AGT80038994,Not Renewed,23,15,POL61863200
AGT70332554,Pending,42,56,POL89325440
AGT33189850,Pending,40,43,POL16855866
AGT98782912,Not Renewed,39,63,POL03641837
AGT56377586,Renewed,20,84,POL62130164
AGT81033200,Renewed,49,49,POL53093436
AGT10475203,Renewed,4,98,POL73129459
AGT27523466,Not Renewed,35,75,POL85437892
AGT00419177,Renewed,16,17,POL14494138
AGT09924967,Not Renewed,10,13,POL22033410
AGT60833731,Pending,45,13,POL92140300
AGT03475014,Renewed,34,51,POL64494784
AGT30659621,Pending,10,70,POL34720084
AGT16307812,Not Renewed,45,57,POL90628400
AGT80663674,Renewed,22,47,POL52076686
AGT01588110,Renewed,7,20,POL52977927
AGT98181748,Pending,35,2,POL08708649
AGT97067461,Pending,46,59,POL69552685
AGT54658273,Renewed,5,2,POL39763262
AGT60693073,Pending,12,52,POL15272448
AGT38589516,Not Renewed,24,85,POL15259304
AGT77341413,Not Renewed,25,47,POL25394718
AGT19083098,Pending,40,54,POL45256846
AGT04770405,Pending,41,44,POL40901995
AGT67884176,Renewed,43,12,POL12925982
AGT24793547,Pending,46,7,POL44595284
AGT98588641,Not Renewed,3,4,POL62589013
AGT82105963,Pending,42,7,POL71988877
AGT08090160,Not Renewed,26,60,POL80973920
AGT21530821,Renewed,4,3,POL31372369
AGT58853780,Not Renewed,23,55,POL02345359
AGT24681551,Renewed,17,91,POL47336501
AGT61560533,Renewed,47,79,POL99450257
AGT57099391,Renewed,32,83,POL30184185
AGT83849728,Pending,12,34,POL23949239
AGT91305453,Pending,22,57,POL92996796
AGT51486795,Not Renewed,34,26,POL91245659
AGT08226312,Renewed,49,79,POL48533616
AGT27400102,Not Renewed,15,14,POL01744770
AGT98944061,Pending,11,26,POL57229212
AGT72072222,Renewed,41,61,POL11305221
AGT55721345,Not Renewed,16,92,POL19959727
AGT17693445,Pending,0,5,POL91999842
AGT35961738,Renewed,22,95,POL67267899
AGT94015214,Renewed,13,66,POL32368471
AGT43814035,Pending,0,81,POL66040683
AGT21739611,Not Renewed,17,69,POL22068904
AGT28288303,Not Renewed,8,27,POL54704012
AGT45845088,Not Renewed,14,54,POL36840871
AGT54100764,Not Renewed,35,99,POL69516845
AGT32803645,Pending,24,28,POL20002970
AGT97960201,Renewed,23,29,POL24534591
AGT23245900,Renewed,22,20,POL41259303
AGT42629466,Renewed,18,35,POL08962462
AGT96043448,Renewed,4,58,POL30621978
AGT47699828,Renewed,42,34,POL04304374
AGT33231455,Pending,25,45,POL52319023
AGT55507667,Renewed,15,82,POL41920122
AGT30672953,Pending,37,35,POL45603213
AGT48263165,Not Renewed,33,95,POL78017200
AGT21526423,Renewed,15,84,POL22916343
AGT76790642,Renewed,32,97,POL17278693
AGT16146674,Pending,44,25,POL83669063
AGT84324013,Pending,8,16,POL89341687
AGT74330166,Not Renewed,36,2,POL85174489
AGT96501755,Renewed,36,21,POL04244704
AGT94127331,Pending,12,66,POL00460604
AGT21628003,Renewed,11,8,POL04830457
AGT87035128,Renewed,18,12,POL69656985
AGT33518879,Pending,29,59,POL83436800
AGT02128514,Not Renewed,30,98,POL84743216
AGT33651354,Pending,43,3,POL23689303
AGT24351293,Not Renewed,50,94,POL68135895
AGT23999328,Not Renewed,11,14,POL66329660
AGT82968492,Renewed,6,62,POL86127854
AGT64998923,Pending,33,66,POL83412862
AGT03020799,Renewed,21,20,POL46201776
AGT84740515,Not Renewed,43,38,POL01050561
AGT38290011,Renewed,18,17,POL21535465
AGT20705063,Not Renewed,21,40,POL64446371
AGT97731998,Not Renewed,22,77,POL83922217
AGT74956205,Not Renewed,49,11,POL61267923
AGT18381996,Pending,35,15,POL32160258
AGT79297482,Not Renewed,28,75,POL43895814
AGT97675443,Not Renewed,8,81,POL54989284
AGT90631941,Pending,30,68,POL40441861
AGT11927227,Pending,1,33,POL96191000
AGT07144623,Pending,42,79,POL80015306
AGT69615659,Renewed,47,27,POL52663647
AGT05596569,Renewed,7,22,POL58724717
AGT47842394,Renewed,33,27,POL32907592
AGT40375101,Not Renewed,3,26,POL47630985
AGT00425604,Renewed,21,95,POL08632152
AGT79079459,Not Renewed,49,66,POL48026137
AGT62539542,Pending,47,70,POL51395072
AGT47016827,Pending,28,13,POL43714068
AGT67054944,Pending,20,32,POL32845970
AGT33962717,Pending,25,60,POL60891078
AGT27953081,Pending,14,41,POL59198090
AGT01927088,Not Renewed,15,52,POL73068892
AGT59183098,Renewed,21,99,POL19972510
AGT30515929,Not Renewed,8,56,POL29760380
AGT91769085,Pending,4,66,POL97195462
AGT16379086,Not Renewed,40,78,POL21505451
AGT87476088,Renewed,1,76,POL81100703
AGT53154445,Not Renewed,24,19,POL55024911
AGT25309194,Pending,25,19,POL71729242
AGT73465282,Pending,48,49,POL92557558
AGT06837266,Not Renewed,15,4,POL12430121
AGT02672093,Renewed,31,37,POL33988478
AGT87595520,Not Renewed,27,39,POL38773717
AGT06702972,Renewed,21,50,POL32826444
AGT43114199,Not Renewed,1,43,POL20662516
AGT06409662,Not Renewed,45,45,POL69805915
AGT64185205,Pending,49,17,POL59077724
AGT57280534,Not Renewed,44,76,POL20473959
AGT93997451,Pending,34,81,POL94998693
AGT09197163,Pending,14,100,POL36713113
AGT84201881,Pending,35,39,POL94633881
AGT02084375,Pending,46,27,POL88240464
AGT85712979,Not Renewed,27,62,POL86820277
AGT37973858,Not Renewed,9,36,POL82207194
AGT11570819,Pending,5,22,POL34073978
AGT28295502,Renewed,18,21,POL53973271
AGT15480916,Not Renewed,12,73,POL82675358
AGT91853395,Pending,42,12,POL14234564
AGT58454917,Renewed,42,5,POL80475717
AGT43149093,Not Renewed,19,52,POL99668251
AGT64379142,Not Renewed,29,9,POL97021693
AGT34232106,Renewed,17,5,POL58472274
AGT12684765,Not Renewed,48,10,POL81184325
AGT12072575,Not Renewed,25,93,POL28472750
AGT65972336,Not Renewed,14,75,POL66910170
AGT37629506,Not Renewed,37,33,POL08713900
AGT49997907,Not Renewed,3,38,POL56813468
AGT79629588,Renewed,47,23,POL26761597
AGT37350228,Renewed,11,56,POL21795687
AGT92269982,Pending,47,86,POL60212438
AGT24474884,Pending,2,93,POL70102364
AGT50801899,Not Renewed,23,59,POL51084784
AGT88162005,Pending,9,18,POL52347881
AGT04407665,Not Renewed,50,5,POL70265364
AGT40728659,Not Renewed,18,32,POL97145074
AGT03911239,Pending,39,43,POL20405348
AGT17934055,Pending,2,74,POL64856204
AGT11430360,Renewed,25,43,POL93726857
AGT55460704,Not Renewed,28,52,POL46961879
AGT09027354,Pending,3,50,POL50614997
AGT81875092,Not Renewed,28,28,POL31588332
AGT26849994,Renewed,27,11,POL37435643
AGT56229349,Renewed,29,95,POL20819230
AGT93424788,Renewed,8,94,POL64080414
AGT67587388,Not Renewed,12,23,POL83375511
AGT83110794,Not Renewed,15,50,POL32168354
AGT74982597,Pending,14,83,POL89664710
AGT25235171,Renewed,39,8,POL49882725
AGT34694689,Renewed,4,16,POL87561435
AGT57215047,Pending,12,84,POL09517154
AGT10990342,Pending,41,65,POL67712226
AGT75537232,Renewed,10,70,POL47676177
AGT69293081,Renewed,5,33,POL04361929
AGT42476981,Renewed,42,64,POL47193771
AGT32717990,Not Renewed,13,34,POL64234033
AGT56522653,Renewed,40,23,POL59205415
AGT73281140,Pending,32,72,POL24578512
AGT63238214,Renewed,1,18,POL73147278
AGT12005843,Pending,48,100,POL85853728
AGT58547332,Pending,38,63,POL22483819
AGT02116137,Renewed,16,3,POL66258798
AGT74615124,Pending,33,40,POL18225955
AGT42942961,Pending,32,7,POL18186401
AGT07520295,Renewed,31,89,POL04398649
AGT82266683,Renewed,21,25,POL38710831
AGT02728670,Not Renewed,5,100,POL66555161
AGT60210040,Renewed,16,59,POL17347712
AGT21074796,Pending,3,51,POL02696657
AGT83115956,Renewed,47,53,POL17217470
AGT94391164,Not Renewed,49,65,POL33884251
AGT36495665,Pending,46,27,POL50060227
AGT16492505,Pending,18,94,POL00986980
AGT80501815,Pending,24,36,POL30062684
AGT78997718,Pending,31,18,POL54650874
AGT80248997,Not Renewed,23,15,POL27188629
AGT49603522,Pending,39,28,POL59056408
AGT88026651,Pending,36,26,POL80156705
AGT76289770,Pending,27,85,POL21956809
AGT44617605,Renewed,2,13,POL87577770
AGT41559295,Pending,14,2,POL96066215
AGT45292127,Renewed,37,99,POL96600998
AGT32948313,Pending,5,83,POL32342170
AGT78448192,Not Renewed,7,91,POL95930417
AGT17497957,Pending,27,97,POL39625921
AGT94663679,Renewed,47,34,POL02805938
AGT80381690,Pending,11,83,POL26826010
AGT44132336,Renewed,41,77,POL62185307
AGT08670184,Renewed,21,50,POL10285665
AGT93536805,Not Renewed,25,97,POL70059971
AGT96791964,Renewed,14,63,POL76937321
AGT58553551,Renewed,50,11,POL70256578
AGT55023546,Pending,5,45,POL10637039
AGT59491218,Pending,20,44,POL72400250
AGT27933776,Pending,35,31,POL91121585
AGT26215214,Not Renewed,42,57,POL88099393
AGT87914607,Not Renewed,42,34,POL77940500
AGT92545717,Pending,41,76,POL74355179
AGT44439564,Renewed,40,84,POL72707891
AGT21859105,Not Renewed,6,54,POL23156107
AGT05893149,Pending,6,96,POL14328771
AGT12037649,Pending,43,50,POL11129837
AGT37633698,Pending,19,32,POL39940079
AGT89303203,Pending,7,16,POL73669093
AGT00736847,Pending,0,9,POL57872259
AGT60276937,Pending,50,63,POL66994083
AGT05501978,Not Renewed,11,82,POL66983136
AGT13982306,Pending,46,26,POL39397182
AGT43112403,Renewed,4,69,POL04896223
AGT95683604,Renewed,4,56,POL01387095
AGT82481068,Not Renewed,16,98,POL49595777
AGT75325086,Not Renewed,36,2,POL68796597
AGT59766175,Renewed,28,72,POL59607702
AGT03757010,Renewed,44,12,POL34270146
AGT19399135,Not Renewed,44,99,POL98886602
AGT76298388,Not Renewed,17,76,POL05660680
AGT43604462,Not Renewed,15,36,POL37519472
AGT79016545,Pending,21,15,POL34042376
AGT41640450,Pending,27,94,POL22477939
AGT80745522,Not Renewed,35,91,POL23806678
AGT22828216,Renewed,24,78,POL38577141
AGT05501399,Not Renewed,36,22,POL69129432
AGT35623325,Renewed,17,61,POL19466250
AGT93545117,Pending,25,50,POL10021590
AGT45420017,Not Renewed,43,79,POL10427229
AGT09108318,Pending,34,11,POL51728504
AGT26897196,Not Renewed,20,40,POL85593752
AGT94840377,Pending,9,13,POL23806593
AGT16572101,Renewed,7,23,POL68960781
AGT74996245,Renewed,25,46,POL67199375
AGT90519662,Pending,42,45,POL82513173
AGT88477703,Not Renewed,21,59,POL35101625
AGT20807921,Pending,18,78,POL47001205
AGT21675621,Renewed,7,50,POL83094866
AGT40505708,Pending,35,33,POL59817686
AGT97689777,Pending,14,30,POL18326349
AGT06292392,Not Renewed,37,74,POL02785360
AGT31712078,Not Renewed,34,20,POL21548187
AGT06087476,Pending,12,88,POL26368425
AGT92646040,Not Renewed,31,64,POL04549501
AGT72386872,Not Renewed,38,80,POL04119250
AGT79481924,Pending,45,30,POL13716373
AGT81052671,Renewed,29,1,POL30813545
AGT84358284,Pending,22,69,POL42954389
AGT54143578,Renewed,2,35,POL12961927
AGT67266388,Renewed,26,46,POL41338647
AGT38670436,Renewed,29,96,POL73362780
AGT97613828,Renewed,43,4,POL36474565
AGT32299818,Renewed,21,84,POL30735842
AGT87267150,Pending,27,68,POL22240017
AGT40237219,Pending,5,47,POL11162373
AGT86365115,Renewed,30,90,POL61781970
AGT32746433,Not Renewed,33,72,POL05553908
AGT97780755,Pending,6,16,POL01337640
AGT56576981,Renewed,28,72,POL88792514
AGT96688733,Renewed,28,7,POL77573735
AGT00706573,Not Renewed,42,87,POL54374781
AGT06005456,Renewed,21,100,POL42066874
AGT55233909,Not Renewed,24,84,POL38363742
AGT57559109,Pending,25,35,POL11698885
AGT35672403,Not Renewed,27,61,POL42164624
AGT82559211,Not Renewed,40,62,POL17867765
AGT03392049,Not Renewed,9,100,POL90492389
AGT98130755,Pending,38,93,POL71220410
AGT64943773,Pending,17,45,POL01236667
AGT69001186,Pending,41,2,POL98955756
AGT51108801,Renewed,17,77,POL31185889
AGT81943310,Renewed,47,31,POL45105560
AGT64584273,Pending,1,61,POL70483793
AGT54371171,Pending,1,45,POL13918846
AGT81456780,Renewed,17,68,POL06516392
AGT26056733,Not Renewed,30,74,POL92505335
AGT92728323,Renewed,3,41,POL16850731
AGT81288815,Renewed,22,93,POL01881823
AGT45373629,Not Renewed,4,69,POL07226848
AGT44447134,Renewed,47,95,POL73997241
AGT91505328,Pending,31,78,POL11103169
AGT60125730,Not Renewed,11,98,POL13721219
AGT53633337,Renewed,26,83,POL15857890
AGT13868846,Renewed,50,60,POL75806090
AGT75568350,Not Renewed,47,30,POL54958915
AGT59216033,Pending,41,31,POL33112269
AGT31996519,Not Renewed,25,9,POL92974818
AGT34577424,Not Renewed,32,15,POL67864663
AGT16933390,Not Renewed,7,35,POL06550384
AGT91244607,Pending,2,92,POL71306650
AGT33613761,Not Renewed,25,12,POL39334378
AGT72747679,Renewed,10,76,POL74810323
AGT59099119,Pending,11,15,POL77809174
AGT74914377,Not Renewed,33,26,POL59691627
AGT86252592,Renewed,25,100,POL19466046
AGT66402928,Not Renewed,23,92,POL22374212
AGT78302421,Renewed,48,54,POL07060236
AGT36488238,Not Renewed,40,59,POL47441290
AGT62251873,Renewed,45,70,POL71842215
AGT58870680,Renewed,4,6,POL39911083
AGT59328638,Not Renewed,27,49,POL14649492
AGT91338468,Pending,43,30,POL68070002
AGT47451115,Renewed,38,94,POL92754721
AGT78908810,Not Renewed,37,29,POL46926974
AGT68654498,Not Renewed,44,3,POL27569348
AGT46771711,Pending,2,10,POL46163995
AGT84662391,Renewed,47,2,POL66937444
AGT30372974,Renewed,36,26,POL76030997
AGT17022921,Renewed,12,26,POL60345020
AGT25857320,Not Renewed,7,55,POL65279232
AGT30112715,Pending,39,39,POL94641041
AGT15879825,Not Renewed,9,76,POL05594711
AGT16005062,Not Renewed,12,45,POL59886107
AGT16283323,Not Renewed,15,22,POL44633851
AGT91729314,Not Renewed,27,50,POL91089424
AGT02151471,Renewed,38,36,POL63789313
AGT37808734,Renewed,45,25,POL03937394
AGT60657347,Pending,27,79,POL40919725
AGT35656742,Renewed,48,83,POL12273521
AGT19811599,Pending,1,92,POL55405368
AGT52819414,Renewed,15,51,POL76990355
AGT61388405,Not Renewed,14,84,POL55126928
AGT64232348,Not Renewed,19,7,POL33870479
AGT10379807,Renewed,37,10,POL67506217
AGT02476404,Pending,43,46,POL23901301
AGT06420209,Renewed,44,94,POL08197937
AGT85751712,Pending,23,66,POL84222350
AGT58061031,Renewed,25,55,POL25301637
AGT02648298,Not Renewed,21,94,POL82345838
AGT62635303,Pending,35,74,POL31362262
AGT62747886,Not Renewed,28,12,POL79392367
AGT31916170,Pending,48,79,POL74198912
AGT05966052,Not Renewed,1,61,POL10977821
AGT05912434,Renewed,24,59,POL97876617
AGT44431328,Not Renewed,37,61,POL22375772
AGT98447599,Renewed,11,67,POL31916884
AGT34538002,Renewed,46,84,POL24429033
AGT81814264,Not Renewed,7,43,POL17342511
AGT26473808,Pending,5,10,POL28677105
AGT59533863,Not Renewed,41,47,POL43732564
AGT85205073,Pending,43,29,POL28314464
AGT55757779,Pending,23,83,POL35204353
AGT39041841,Renewed,11,98,POL89399063
AGT29990814,Not Renewed,33,92,POL87120286
AGT31154354,Not Renewed,3,12,POL88760778
AGT93860226,Pending,32,52,POL38861643
AGT49379858,Renewed,24,2,POL65184917
AGT66261229,Renewed,19,5,POL04610081
AGT06371460,Pending,35,65,POL69425319
AGT43457015,Renewed,38,47,POL61904449
AGT87793012,Pending,40,56,POL08522082
AGT88131281,Pending,27,4,POL26393538
AGT19656249,Renewed,7,36,POL06555482
AGT37277935,Renewed,22,72,POL51635359
AGT04603007,Pending,36,1,POL54944417
AGT63825566,Pending,27,16,POL75180219
AGT61583597,Renewed,29,30,POL47276552
AGT45464266,Not Renewed,11,9,POL86600900
AGT21759723,Renewed,33,84,POL26378825
AGT78086342,Pending,21,32,POL84891597
AGT28327877,Renewed,16,28,POL15359694
AGT68200787,Pending,40,87,POL30896226
AGT40762647,Pending,49,88,POL16164633
AGT30959451,Pending,15,90,POL98820628
AGT75824962,Renewed,7,36,POL59124038
AGT05656511,Renewed,29,72,POL22790609
AGT56334213,Renewed,24,54,POL12164019
AGT85551395,Pending,32,7,POL23434715
AGT14165582,Pending,37,1,POL52695927
AGT65344188,Renewed,20,11,POL46053164
AGT43421957,Not Renewed,1,5,POL88066577
AGT88273518,Not Renewed,41,95,POL52513124
AGT65833205,Not Renewed,43,54,POL40868193
AGT12674381,Renewed,48,72,POL03499905
AGT79816424,Renewed,28,3,POL04124548
AGT84909387,Renewed,46,89,POL56626279
AGT69337481,Renewed,28,92,POL39998865
AGT63474684,Not Renewed,11,78,POL10684748
AGT80429019,Pending,37,11,POL02457205
AGT01981770,Not Renewed,14,49,POL02648001
AGT75736162,Renewed,26,42,POL55664607
AGT97739615,Pending,34,59,POL28148630
AGT96434627,Pending,25,16,POL09901587
AGT54314190,Pending,13,88,POL36630030
AGT68286252,Renewed,16,57,POL64256700
AGT58453092,Renewed,13,15,POL58122170
AGT51826639,Pending,19,59,POL12256062
AGT64164459,Renewed,47,39,POL08155490
AGT30254491,Renewed,30,95,POL69073858
AGT16125272,Pending,12,54,POL37924331
AGT08832748,Renewed,20,66,POL43127976
AGT85334709,Not Renewed,46,56,POL29336617
AGT41521056,Renewed,23,87,POL83145179
AGT88219082,Renewed,36,42,POL75352154
AGT57701369,Pending,28,40,POL17421087
AGT61217081,Renewed,6,72,POL77086340
AGT45436816,Renewed,18,74,POL63778192
AGT98970807,Not Renewed,13,68,POL35541554
AGT53986465,Renewed,6,38,POL43027986
AGT98084318,Pending,22,92,POL92525583
AGT82931233,Not Renewed,8,27,POL62259131
AGT52002950,Not Renewed,38,11,POL54226110
AGT72613407,Pending,7,73,POL76710986
AGT99044948,Not Renewed,10,26,POL18290935
AGT39654470,Pending,5,93,POL05034207
AGT69549664,Pending,49,79,POL81521713
AGT44269883,Renewed,16,75,POL11435433
AGT32732651,Pending,38,63,POL70589278
AGT64150884,Not Renewed,22,46,POL23193106
AGT57725772,Renewed,21,20,POL96147285
AGT75628110,Renewed,30,56,POL40212338
AGT99948373,Renewed,46,25,POL36802897
AGT35407404,Renewed,7,20,POL45419104
AGT41054197,Pending,41,59,POL98813677
AGT62348335,Not Renewed,20,19,POL40028433
AGT53755121,Pending,6,19,POL59298156
AGT37596299,Renewed,15,81,POL78634856
AGT04299920,Not Renewed,15,56,POL32067182
AGT61732057,Pending,26,67,POL97015902
AGT11947668,Pending,26,37,POL01434989
AGT91210901,Not Renewed,4,95,POL02157251
AGT61308127,Renewed,15,97,POL04717815
AGT06973408,Renewed,7,81,POL00829050
AGT07096555,Not Renewed,45,86,POL98604785
AGT70963454,Renewed,0,18,POL88842514
AGT63428724,Pending,13,51,POL76182613
AGT05245704,Pending,1,65,POL86384869
AGT31079357,Renewed,1,45,POL84123482
AGT81437309,Not Renewed,19,56,POL23562501
AGT43711261,Renewed,16,4,POL48245779
AGT86966383,Not Renewed,48,59,POL61900129
AGT14077432,Not Renewed,34,82,POL48633548
AGT15131295,Pending,24,52,POL79940322
AGT00562459,Not Renewed,45,94,POL04511784
AGT07411736,Pending,14,53,POL86724189
AGT96096224,Renewed,48,38,POL71033011
AGT82469905,Not Renewed,34,60,POL85605519
AGT38254927,Renewed,21,65,POL74831187
AGT09697566,Not Renewed,17,94,POL20532227
AGT85882780,Pending,36,8,POL21319320
AGT18072639,Renewed,32,79,POL75362203
AGT34797163,Pending,44,90,POL16340905
AGT55630833,Pending,0,31,POL78880767
AGT22690008,Pending,24,25,POL36025605
AGT92807477,Renewed,30,16,POL59624459
AGT57481792,Renewed,34,66,POL67368474
AGT38391593,Not Renewed,27,4,POL73942223
AGT74549109,Not Renewed,22,78,POL07805552
AGT88013826,Pending,14,57,POL44809724
AGT38830499,Not Renewed,4,87,POL98234290
AGT00573163,Not Renewed,2,14,POL95715427
AGT12729141,Renewed,43,56,POL14765103
AGT20088574,Renewed,45,42,POL20442417
AGT50783085,Pending,10,47,POL91286503
AGT42029516,Not Renewed,21,89,POL01605607
AGT93209546,Not Renewed,29,61,POL47675445
AGT14590693,Pending,45,8,POL08617665
AGT88129465,Renewed,19,3,POL13704102
AGT67720466,Renewed,40,22,POL56720424
AGT81169687,Not Renewed,17,18,POL52358331
AGT10868233,Not Renewed,0,3,POL26714867
AGT16134988,Not Renewed,17,100,POL96408694
AGT29833843,Pending,48,12,POL21669788
AGT43376968,Not Renewed,9,26,POL60705643
AGT97919419,Renewed,50,61,POL70229811
AGT65153747,Not Renewed,27,32,POL19452120
AGT47633014,Pending,4,97,POL73218489
AGT41880702,Renewed,27,61,POL31435265
AGT83891863,Pending,46,94,POL88789148
AGT23606891,Renewed,2,31,POL64141969
AGT58657366,Not Renewed,25,97,POL31363009
AGT83661788,Renewed,8,86,POL84868487
AGT30565220,Not Renewed,38,29,POL62539686
AGT26395524,Pending,16,61,POL51236806
AGT03095804,Pending,49,30,POL30197318
AGT59213562,Pending,1,52,POL97865190
AGT75869040,Not Renewed,38,38,POL38512389
AGT56051280,Renewed,19,28,POL14455215
AGT24926928,Not Renewed,42,61,POL42267896
AGT76160927,Renewed,1,29,POL29424100
AGT73166277,Pending,27,5,POL53549003
AGT08115047,Renewed,18,15,POL54969569
AGT02797897,Renewed,13,34,POL07284415
AGT69679314,Not Renewed,4,90,POL21287950
AGT56507346,Pending,42,64,POL15359444
AGT02449455,Not Renewed,31,46,POL66244009
AGT00346378,Pending,48,9,POL40611534
AGT84635887,Not Renewed,35,78,POL77001429
AGT67358626,Not Renewed,23,81,POL40759511
AGT89682824,Renewed,2,77,POL14591104
AGT88751659,Pending,15,98,POL66438707
AGT20943328,Pending,25,4,POL76172999
AGT28763285,Pending,41,61,POL67720280
AGT98142409,Not Renewed,3,59,POL14355937
AGT12006924,Not Renewed,19,90,POL29498988
AGT49355362,Not Renewed,13,41,POL61315068
AGT46957013,Renewed,34,18,POL65528035
AGT81468446,Pending,5,14,POL65618353
AGT72289960,Renewed,15,39,POL96058521
AGT14072751,Renewed,43,22,POL67127779
AGT57338609,Renewed,11,36,POL61445310
AGT46006168,Pending,33,73,POL67671922
AGT50981591,Not Renewed,7,61,POL18309119
AGT05564365,Renewed,14,76,POL28992652
AGT15766440,Not Renewed,28,33,POL67637922
AGT26629197,Renewed,32,53,POL75124979
AGT91018806,Not Renewed,32,58,POL25201250
AGT47881343,Not Renewed,50,8,POL36178860
AGT16307208,Pending,12,83,POL96864283
AGT55273344,Renewed,34,100,POL30587921
AGT94025542,Not Renewed,43,29,POL22529514
AGT39552710,Renewed,39,11,POL96516008
AGT30565600,Not Renewed,21,24,POL68934095
AGT87417882,Renewed,6,63,POL69146247
AGT45013372,Not Renewed,27,79,POL85269593
AGT02651904,Renewed,7,48,POL93482560
AGT29833323,Renewed,33,3,POL59942075
AGT54758282,Pending,11,14,POL20216032
AGT93366101,Pending,40,74,POL78697051
AGT00197032,Renewed,38,60,POL89297739
AGT36321353,Pending,50,94,POL60364364
AGT79217245,Renewed,11,68,POL54717291
AGT07576278,Renewed,42,89,POL00366536
AGT15991720,Renewed,31,66,POL93538870
AGT52937021,Not Renewed,43,69,POL23210845
AGT12172616,Not Renewed,37,4,POL46517848
AGT09841673,Renewed,4,4,POL40234969
AGT07061483,Pending,11,81,POL69754204
AGT32337388,Not Renewed,49,31,POL10073827
AGT19168304,Pending,40,94,POL30887755
AGT59189221,Not Renewed,23,30,POL49795535
AGT29957643,Pending,0,6,POL90223289
AGT73792334,Renewed,8,61,POL27274188
AGT03949853,Pending,44,18,POL46676491
AGT67583439,Renewed,1,33,POL86778558
AGT86920812,Not Renewed,24,87,POL81385184
AGT73071730,Pending,49,37,POL27482488
AGT96530296,Renewed,48,73,POL50194049
AGT12335200,Renewed,5,78,POL20586983
AGT56831474,Not Renewed,48,41,POL25304698
AGT43755776,Pending,0,40,POL41496276
AGT65934030,Renewed,41,1,POL12907271
AGT55762691,Pending,36,31,POL96746963
AGT26621568,Not Renewed,35,49,POL75478196
AGT81867545,Not Renewed,42,34,POL88242759
AGT46315268,Renewed,27,90,POL28656372
AGT68228532,Not Renewed,11,74,POL92941554
AGT93374084,Pending,39,70,POL42603948
AGT74078597,Not Renewed,21,46,POL30804068
AGT26129832,Renewed,45,35,POL96558209
AGT18795535,Pending,28,55,POL84343531
AGT10838481,Renewed,50,76,POL20890655
AGT42873048,Pending,36,52,POL31763901
AGT59419768,Not Renewed,29,6,POL88518206
AGT00625466,Pending,6,54,POL20430828
AGT29952211,Renewed,45,48,POL33767169
AGT63689691,Renewed,2,31,POL30038118
AGT75211024,Not Renewed,6,49,POL62289648
AGT80094708,Not Renewed,16,87,POL21715580
AGT77571203,Not Renewed,43,9,POL41037493
AGT30986582,Pending,50,6,POL55128968
AGT21349129,Not Renewed,48,99,POL47956526
AGT34902844,Renewed,47,4,POL03235385
AGT83406525,Pending,22,49,POL52722786
AGT96497921,Renewed,3,76,POL25640269
AGT46728575,Not Renewed,29,37,POL53561302
AGT97631888,Not Renewed,13,26,POL52255059
AGT32306241,Not Renewed,1,9,POL84230041
AGT62904539,Pending,24,25,POL96903028
AGT18666173,Pending,17,60,POL73079517
AGT37211300,Pending,47,64,POL19011462
AGT51927059,Pending,45,55,POL54706486
AGT91388599,Renewed,48,65,POL43678761
AGT26133326,Pending,49,47,POL83977017
AGT58587520,Pending,25,83,POL71400772
AGT89927126,Renewed,50,37,POL58601836
AGT50969643,Renewed,45,42,POL83778109
AGT85358826,Not Renewed,49,34,POL38146133
AGT13043791,Renewed,19,44,POL14796565
AGT63069888,Pending,5,3,POL96087184
AGT36490729,Renewed,7,25,POL79057725
AGT25782094,Pending,28,92,POL62029185
AGT40084829,Not Renewed,10,66,POL19136648
AGT17524672,Not Renewed,21,80,POL35014451
AGT87317172,Renewed,31,46,POL08154404
AGT76738392,Renewed,1,25,POL02976851
AGT26453745,Renewed,15,32,POL15219398
AGT17637183,Pending,38,94,POL02004502
AGT13767934,Not Renewed,9,1,POL68075927
AGT93130056,Not Renewed,34,96,POL18418327
AGT30186274,Not Renewed,29,19,POL88521632
AGT69610323,Renewed,25,23,POL37930238
AGT60670465,Not Renewed,22,34,POL31985660
AGT07207358,Pending,29,4,POL91400674
AGT72564820,Not Renewed,31,91,POL81031536
AGT96449919,Not Renewed,19,28,POL29611472
AGT88151205,Pending,35,68,POL00098040
AGT93733147,Pending,24,33,POL40675143
AGT07859060,Renewed,40,98,POL89307610
AGT25206036,Not Renewed,41,6,POL60446512
AGT98613756,Pending,2,38,POL05732991
AGT27763221,Renewed,0,73,POL21516037
AGT47958519,Pending,11,81,POL39742907
AGT86080017,Pending,14,77,POL81184933
AGT82368510,Not Renewed,0,40,POL17133126
AGT41992202,Pending,22,41,POL67018268
AGT77288379,Not Renewed,46,48,POL45309482
AGT04014197,Not Renewed,27,4,POL74252623
AGT10039728,Pending,40,52,POL39439149
AGT93111490,Not Renewed,16,66,POL85778451
AGT97533005,Pending,18,81,POL32471473
AGT05371611,Renewed,2,32,POL17218507
AGT10306413,Pending,25,54,POL38618818
AGT60221008,Pending,26,63,POL87833198
AGT18600758,Pending,3,6,POL27486372
AGT52621500,Pending,8,28,POL41321341
AGT25547705,Pending,49,57,POL23863946
AGT86525262,Renewed,11,72,POL36453165
AGT12999473,Pending,16,95,POL58976794
AGT67430832,Renewed,10,95,POL00118999
AGT53555136,Pending,30,51,POL35077867
AGT86717633,Renewed,41,91,POL62171189
AGT53086887,Not Renewed,18,26,POL78699699
AGT38595191,Not Renewed,33,55,POL73601567
AGT37853667,Renewed,8,93,POL83104314
AGT81799707,Renewed,46,52,POL02082012
AGT42385083,Not Renewed,9,4,POL31666008
AGT96781420,Pending,36,11,POL11983298
AGT61246211,Not Renewed,39,38,POL89029482
AGT58075537,Pending,29,87,POL53158562
AGT00173272,Not Renewed,46,27,POL97641219
AGT41130537,Not Renewed,24,12,POL12964771
AGT52502893,Pending,27,4,POL88689818
AGT34545975,Renewed,39,11,POL87067112
AGT01068051,Renewed,38,80,POL10286073
AGT98549683,Pending,7,5,POL45751576
AGT77357291,Pending,15,57,POL10282211
AGT47504739,Pending,10,4,POL95945115
AGT18273229,Pending,3,43,POL56070761
AGT17395828,Not Renewed,44,40,POL20898219
AGT68037540,Not Renewed,45,4,POL67718623
AGT47652412,Not Renewed,16,58,POL85323496
AGT36384581,Pending,2,94,POL98380131
AGT40466045,Not Renewed,24,14,POL97760999
AGT19094834,Not Renewed,28,70,POL00966757
AGT70004940,Renewed,20,6,POL40722779
AGT49883443,Not Renewed,23,40,POL87901583
AGT43392243,Not Renewed,5,99,POL30115645
AGT36733541,Not Renewed,29,100,POL38850914
AGT36138436,Pending,32,31,POL28044403
AGT78493000,Renewed,8,12,POL47455160
AGT21689798,Pending,34,9,POL24535727
AGT98439665,Pending,28,15,POL80084188
AGT44120602,Not Renewed,38,25,POL86311046
AGT11784715,Pending,26,86,POL03884605
AGT84891354,Not Renewed,44,31,POL37303684
AGT12574860,Not Renewed,50,72,POL77070013
AGT23014500,Not Renewed,17,26,POL07540260
AGT22278826,Renewed,37,64,POL18985962
AGT72464725,Not Renewed,13,29,POL61786939
AGT42428773,Pending,16,98,POL06987694
AGT88782271,Renewed,44,99,POL21410812
AGT83811414,Pending,18,68,POL48634910
AGT83424131,Pending,50,66,POL99936607
AGT95612851,Not Renewed,41,46,POL55377332
AGT08510639,Not Renewed,21,88,POL09053359
AGT35108816,Pending,22,9,POL26420272
AGT73992431,Pending,8,35,POL43096448
AGT28600075,Pending,13,80,POL45440962
AGT63382274,Renewed,32,50,POL89942249
AGT99761483,Not Renewed,20,71,POL76474786
AGT59761115,Not Renewed,1,91,POL19289234
AGT49421659,Pending,22,20,POL25546683
AGT18265451,Not Renewed,9,30,POL74112485
AGT72452803,Pending,40,93,POL63539662
AGT70103602,Not Renewed,16,87,POL97583432
AGT16948019,Renewed,13,50,POL43412607
AGT80184738,Pending,22,93,POL20142865
AGT52933553,Not Renewed,27,5,POL12796587
AGT02754545,Pending,9,46,POL78277290
AGT74959327,Not Renewed,2,48,POL27171310
AGT86552231,Not Renewed,39,8,POL64858473
AGT33900051,Pending,45,45,POL63887915
AGT14657798,Renewed,18,36,POL87573741
AGT62149408,Not Renewed,8,77,POL28804957
AGT00474471,Not Renewed,38,89,POL19694591
AGT37184585,Renewed,7,22,POL28503798
AGT30440202,Renewed,0,50,POL12582263
AGT76455407,Renewed,21,6,POL91022506
AGT14444736,Not Renewed,8,56,POL03315797
AGT97442629,Pending,4,97,POL45551235
AGT22254996,Pending,37,88,POL77208632
AGT43241111,Renewed,26,36,POL22260500
AGT91448841,Renewed,14,97,POL36836777
AGT96209356,Renewed,0,55,POL96268536
AGT00247557,Renewed,18,24,POL91407611
AGT43354582,Not Renewed,39,31,POL64095916
AGT08121325,Pending,4,7,POL64740997
AGT83659271,Not Renewed,23,38,POL06176964
AGT45357264,Not Renewed,36,17,POL86552601
AGT42185776,Pending,46,22,POL98182454
AGT19048580,Pending,49,73,POL04470175
AGT12331751,Not Renewed,23,4,POL36184966
AGT63517100,Renewed,17,67,POL11905173
AGT58785205,Pending,48,70,POL22934928
AGT49258624,Renewed,35,79,POL51486527
AGT06708094,Renewed,9,23,POL67871269
AGT68480769,Not Renewed,26,87,POL52660613
AGT26162583,Pending,50,84,POL42173168
AGT25115156,Not Renewed,21,68,POL63448098
AGT95285941,Renewed,1,59,POL76633333
AGT06506172,Pending,12,12,POL87098270
AGT89727357,Not Renewed,3,31,POL21241927
AGT04211473,Pending,23,33,POL78474617
AGT55121303,Pending,29,85,POL40740703
AGT29073945,Renewed,23,49,POL01356668
AGT12724194,Pending,33,35,POL81358654
AGT83205981,Pending,16,3,POL42512488
AGT20672034,Renewed,22,64,POL62388376
AGT19741940,Renewed,5,90,POL64728367
AGT14252813,Renewed,40,37,POL91325406
AGT37248486,Pending,36,94,POL94038390
AGT84929713,Renewed,32,73,POL93764594
AGT54486586,Not Renewed,28,1,POL01140651
AGT54256320,Pending,33,65,POL64671018
AGT03360459,Pending,25,22,POL23937265
AGT48231852,Pending,25,22,POL91701869
AGT38877599,Renewed,33,84,POL40774086
AGT66023762,Renewed,49,17,POL84330960
AGT81319789,Renewed,49,42,POL75156897
AGT77316919,Not Renewed,9,26,POL03406980
AGT32462707,Pending,0,18,POL56170272
AGT91349790,Renewed,9,59,POL06989593
AGT38114278,Renewed,3,32,POL13962079
AGT89796528,Pending,15,53,POL77110214
AGT79772172,Pending,25,68,POL97704616
AGT80829890,Renewed,26,28,POL73955380
AGT12129572,Renewed,28,93,POL30994827
AGT47285986,Renewed,28,52,POL38939218
AGT92967092,Not Renewed,41,81,POL58199739
AGT65426894,Renewed,42,61,POL75203791
AGT07169713,Not Renewed,8,52,POL22369979
AGT50316228,Not Renewed,9,5,POL91441410
AGT60891632,Renewed,48,6,POL32215970
AGT83001891,Pending,45,60,POL56805499
AGT68374644,Not Renewed,0,62,POL76750122
AGT48036704,Renewed,23,76,POL47066048
AGT77850944,Not Renewed,41,61,POL62091024
AGT57302101,Not Renewed,28,53,POL58715038
AGT15756887,Not Renewed,40,64,POL70045571
AGT04584769,Pending,4,4,POL81553263
AGT64197733,Renewed,3,14,POL37915217
AGT53884762,Not Renewed,9,64,POL63019087
AGT47983138,Renewed,9,44,POL00522342
AGT95014160,Not Renewed,46,89,POL69392450
AGT44934759,Not Renewed,28,4,POL34341867
AGT82108666,Renewed,31,95,POL31153725
AGT75019328,Pending,33,40,POL39193067
AGT15230030,Renewed,17,95,POL33662070
AGT51779299,Not Renewed,44,48,POL99490154
AGT14013900,Renewed,12,43,POL43721127
AGT97836682,Not Renewed,46,94,POL13412239
AGT84957195,Renewed,8,42,POL84437998
AGT85481852,Renewed,16,47,POL50009102
AGT86128104,Renewed,19,94,POL30766028
AGT03705299,Not Renewed,4,90,POL96139840
AGT77715399,Not Renewed,15,9,POL17393791
AGT47010260,Renewed,11,29,POL47946595
AGT07358666,Renewed,41,20,POL54898212
AGT50916271,Not Renewed,29,56,POL14997788
AGT94908448,Not Renewed,25,56,POL74506974
AGT40027662,Pending,38,30,POL48888144
AGT88015930,Not Renewed,21,24,POL72956351
AGT51460823,Not Renewed,32,18,POL76210793
AGT60208260,Not Renewed,17,99,POL68286311
AGT67415741,Renewed,49,82,POL08571799
AGT96138529,Renewed,2,72,POL09476789
AGT76784246,Not Renewed,30,16,POL53146582
AGT30056796,Pending,36,48,POL43155265
AGT73073808,Not Renewed,21,35,POL81367269
AGT47218350,Not Renewed,30,40,POL84399262
AGT77905501,Pending,45,95,POL54524104
AGT89587093,Not Renewed,40,31,POL60803243
AGT75693992,Pending,19,41,POL32589913
AGT05069510,Pending,26,74,POL98908747
AGT21772764,Pending,6,90,POL37348106
AGT49234566,Not Renewed,45,55,POL17461415
AGT62659202,Pending,33,78,POL35439402
AGT33614091,Pending,10,54,POL65459247
AGT26580039,Not Renewed,41,72,POL15577075
AGT02908138,Not Renewed,27,45,POL16364468
AGT50674150,Not Renewed,8,64,POL22271139
AGT58628205,Pending,47,73,POL36347723
AGT47043352,Not Renewed,9,46,POL02555675
AGT64161539,Pending,46,5,POL71161359
AGT01795658,Not Renewed,38,44,POL07908129
AGT71113792,Pending,50,41,POL86004596
AGT24384163,Pending,31,22,POL10256156
AGT07921690,Renewed,44,1,POL04120684
AGT99411848,Renewed,9,24,POL49354428
AGT89116884,Renewed,48,11,POL01038075
AGT93297798,Pending,49,49,POL89009482
AGT14004218,Pending,13,99,POL11284148
AGT87946067,Renewed,11,76,POL45105381
AGT81291551,Renewed,5,28,POL33443696
AGT40396031,Pending,15,88,POL08895135
AGT60829450,Not Renewed,41,6,POL32734237
AGT35469634,Pending,5,83,POL81131003
AGT27317496,Renewed,14,40,POL01422170
AGT56523368,Not Renewed,24,5,POL59246614
AGT95776312,Renewed,26,20,POL58855449
AGT48468503,Pending,8,10,POL22416756
AGT32960169,Not Renewed,49,57,POL49287251
AGT26019405,Not Renewed,37,5,POL60414319
AGT71984455,Renewed,9,78,POL96005181
AGT26135862,Renewed,46,72,POL42993604
AGT30819284,Renewed,23,86,POL52918990
AGT58796255,Not Renewed,0,60,POL67788128
AGT70317768,Renewed,0,22,POL27592722
AGT77701190,Not Renewed,37,66,POL09895305
AGT89061722,Renewed,40,93,POL01152460
AGT87309632,Pending,37,57,POL60026692
AGT16371626,Pending,12,83,POL97265632
AGT03755637,Not Renewed,15,19,POL54521184
AGT21703082,Pending,42,96,POL85035096
AGT58844271,Pending,39,20,POL58534980
AGT92040049,Pending,47,2,POL21695517
AGT38028616,Not Renewed,41,51,POL08961266
AGT08982492,Not Renewed,19,40,POL58808782
AGT59328408,Not Renewed,23,46,POL22950477
AGT43031699,Not Renewed,2,31,POL26422191
AGT91664244,Pending,10,82,POL70698520
AGT96506265,Pending,45,57,POL40101568
AGT78938970,Renewed,46,31,POL77060064
AGT12364709,Pending,13,24,POL60601098
AGT23533748,Pending,2,7,POL64845458
AGT37812576,Not Renewed,17,98,POL51280703
AGT80798952,Renewed,15,50,POL63634442
AGT81699018,Not Renewed,26,6,POL39936507
AGT75242133,Pending,14,1,POL35608817
AGT89239142,Not Renewed,35,35,POL16035887
AGT25801636,Not Renewed,45,37,POL64903447
AGT42835681,Pending,34,88,POL60911272
AGT20417521,Pending,4,28,POL34979754
AGT01874513,Renewed,34,95,POL45374585
AGT30843064,Renewed,25,88,POL30061822
AGT75652039,Not Renewed,47,85,POL63184474
AGT44931270,Renewed,33,68,POL39701482
AGT45818964,Pending,6,54,POL08698776
AGT41526393,Renewed,14,59,POL10829873
AGT84300141,Renewed,24,94,POL29507667
AGT97739400,Not Renewed,32,32,POL30342672
AGT20648707,Not Renewed,39,24,POL07362298
AGT65827923,Pending,35,61,POL35581923
AGT43719737,Renewed,0,40,POL33615352
AGT86719793,Renewed,48,3,POL43965992
AGT70091170,Renewed,35,43,POL54361849
AGT87057003,Not Renewed,15,5,POL76891584
AGT93433918,Pending,50,39,POL72122375
AGT59061701,Pending,43,2,POL26862449
AGT82410637,Pending,47,23,POL80050460
AGT91355120,Not Renewed,12,4,POL95455759
AGT12170561,Renewed,4,14,POL74008524
AGT49897385,Not Renewed,38,82,POL22378115
AGT69060240,Pending,24,42,POL50050613
AGT85186624,Pending,17,75,POL20039357
AGT80351491,Pending,22,69,POL05161978
AGT52083365,Not Renewed,28,42,POL76048134
AGT23547629,Pending,48,64,POL40926349
AGT75342542,Renewed,9,52,POL93795205
AGT33849820,Renewed,19,60,POL42143112
AGT22066615,Renewed,29,74,POL23253258
AGT98600011,Renewed,43,28,POL69244007
AGT48057852,Not Renewed,46,57,POL09523049
AGT79644238,Renewed,29,45,POL08784991
AGT69147637,Pending,26,9,POL83435156
AGT20307195,Renewed,0,100,POL06641859
AGT10851677,Pending,44,76,POL72479103
AGT14974884,Not Renewed,40,8,POL33261817
AGT60542284,Not Renewed,44,73,POL93615411
AGT07931991,Renewed,24,58,POL32140351
AGT15597089,Pending,0,29,POL60639802
AGT13313620,Renewed,8,27,POL58013295
AGT73989640,Pending,27,11,POL15232453
AGT25184215,Renewed,44,95,POL83585187
AGT86990078,Not Renewed,4,94,POL19323581
AGT75200570,Renewed,10,98,POL79993699
AGT12701623,Renewed,26,57,POL96685286
AGT78219360,Not Renewed,40,86,POL19469435
AGT67565116,Not Renewed,48,56,POL98638552
AGT42006052,Pending,18,16,POL20853634
AGT60570339,Not Renewed,47,31,POL44752961
AGT22553117,Pending,43,10,POL10009883
AGT20131074,Renewed,6,80,POL65725229
AGT30426117,Not Renewed,40,79,POL58762954
AGT15043343,Not Renewed,45,12,POL64720623
AGT49923863,Pending,8,15,POL91053914
AGT48960475,Pending,30,4,POL97796682
AGT91050057,Pending,0,63,POL25823193
AGT70063438,Pending,4,98,POL34108237
AGT64161899,Pending,4,93,POL44559582
AGT99295467,Not Renewed,45,44,POL64544270
AGT92587200,Not Renewed,29,26,POL11811289
AGT98686376,Pending,27,44,POL74728288
AGT39657659,Not Renewed,21,14,POL25107234
AGT03458444,Pending,19,28,POL93944640
AGT98166061,Pending,48,63,POL36401097
AGT18172997,Renewed,39,40,POL84566610
AGT24045687,Not Renewed,28,7,POL48969594
AGT68335720,Not Renewed,30,22,POL59595706
AGT17752909,Pending,0,31,POL29803500
AGT84895197,Renewed,23,46,POL33741751
AGT53619682,Not Renewed,32,19,POL14316031
AGT70221624,Renewed,21,68,POL23643525
AGT17532169,Pending,46,68,POL91500527
AGT15390833,Renewed,21,66,POL01976477
AGT28984898,Renewed,3,34,POL33335503
AGT42365786,Pending,2,72,POL94646296
AGT98188984,Not Renewed,13,15,POL40640329
AGT68420536,Not Renewed,18,64,POL42847651
AGT35765719,Not Renewed,0,77,POL48921687
AGT77763019,Renewed,43,71,POL20325759
AGT80085884,Pending,22,9,POL30941821
AGT15772659,Not Renewed,24,57,POL70775475
AGT98105088,Renewed,14,90,POL97721863
AGT10421097,Pending,8,86,POL38116452
AGT20451045,Not Renewed,50,13,POL61407113
AGT50072491,Pending,25,84,POL55272658
AGT12449349,Not Renewed,9,97,POL01363904
AGT89752007,Pending,29,55,POL15531962
AGT35871597,Not Renewed,43,81,POL63430600
AGT97345568,Not Renewed,38,73,POL69382278
AGT29367205,Pending,37,26,POL06489280
AGT83178909,Renewed,23,88,POL91232159
AGT71222720,Renewed,13,89,POL49351450
AGT24512269,Renewed,13,28,POL37997689
AGT82610093,Pending,23,41,POL25139363
AGT54442591,Not Renewed,15,56,POL73709176
AGT66232305,Pending,31,98,POL25170126
AGT06124756,Pending,23,36,POL38196708
AGT86140451,Not Renewed,26,100,POL89451042
AGT33490770,Pending,16,21,POL09189578
AGT44050452,Pending,3,40,POL51307192
AGT73247449,Pending,4,60,POL42141695
AGT38991482,Renewed,36,70,POL71458301
AGT64513272,Renewed,7,31,POL17808570
AGT52566156,Not Renewed,28,7,POL85663411
AGT53978198,Pending,9,34,POL58798123
AGT84078348,Pending,49,54,POL39271824
AGT88799130,Renewed,22,76,POL86622832
AGT66787007,Renewed,11,15,POL50643269
AGT02095690,Renewed,27,3,POL13519466
AGT46080482,Pending,30,49,POL21820155
AGT81833409,Pending,20,25,POL33832316
AGT59011578,Renewed,25,71,POL39297512
AGT41083446,Pending,11,35,POL08734095
AGT98164206,Renewed,2,19,POL63277455
AGT37949386,Not Renewed,23,47,POL79704196
AGT36235940,Not Renewed,42,42,POL94737563
AGT55604471,Not Renewed,38,76,POL07444317
AGT63955671,Pending,45,72,POL48007083
AGT44430109,Not Renewed,8,79,POL67715393
AGT01704500,Not Renewed,45,53,POL70601305
AGT36041543,Renewed,3,76,POL45280706
AGT25099010,Renewed,33,74,POL22858712
AGT51094256,Not Renewed,14,61,POL06601160
AGT10058722,Not Renewed,42,42,POL65862653
AGT12875907,Not Renewed,43,71,POL55809193
AGT00869194,Not Renewed,45,64,POL05586650
AGT81097440,Pending,3,99,POL06449689
AGT68996981,Not Renewed,13,76,POL02911863
AGT93143244,Pending,0,63,POL12199855
AGT58337991,Renewed,25,64,POL81043217
AGT93768989,Renewed,10,44,POL42443004
AGT04259876,Renewed,42,94,POL75410004
AGT57022960,Pending,9,5,POL88177917
AGT20349725,Not Renewed,35,11,POL38045222
AGT30659299,Renewed,17,97,POL17289574
AGT30695236,Not Renewed,10,90,POL16627282
AGT89701892,Renewed,43,16,POL30234855
AGT42941114,Not Renewed,25,35,POL51511488
AGT58014194,Renewed,14,37,POL18035375
AGT24321196,Renewed,49,71,POL81196491
AGT35256591,Pending,2,25,POL11133444
AGT35352612,Renewed,30,2,POL91660793
AGT97861774,Pending,22,60,POL22639534
AGT53770920,Renewed,41,11,POL02457698
AGT35808987,Pending,13,47,POL65310322
AGT53114505,Not Renewed,32,80,POL55078458
AGT10674280,Pending,8,72,POL52520227
AGT38710899,Pending,12,79,POL00505335
AGT07346744,Renewed,9,90,POL06459198
AGT01603414,Not Renewed,8,92,POL07698492
AGT29562370,Renewed,34,19,POL79929053
AGT02539638,Pending,37,78,POL12356640
AGT81580993,Not Renewed,41,81,POL41657581
AGT13921620,Not Renewed,20,61,POL25712825
AGT60720163,Pending,7,91,POL23715386
AGT63122958,Pending,48,49,POL67483768
AGT60685299,Not Renewed,19,29,POL63827788
AGT08551281,Pending,2,58,POL91203477
AGT29527244,Renewed,23,66,POL17206182
AGT71628225,Pending,29,44,POL76262312
AGT50902924,Pending,2,23,POL63265267
AGT09134172,Not Renewed,33,66,POL29024023
AGT36063424,Renewed,30,68,POL90886331
AGT07948188,Not Renewed,1,33,POL13020656
AGT41487904,Pending,47,69,POL68947456
AGT46486235,Not Renewed,42,3,POL09863173
AGT61965198,Pending,37,22,POL55879512
AGT85406253,Pending,30,6,POL68642735
AGT60941377,Pending,1,31,POL21037043
AGT89926131,Not Renewed,0,97,POL25631558
AGT41136802,Pending,2,52,POL55941578
AGT12139850,Not Renewed,21,55,POL12089823
AGT90539854,Pending,19,79,POL31589660
AGT04997394,Pending,9,51,POL18535742
AGT53005775,Renewed,33,59,POL11298880
AGT69281001,Pending,10,85,POL27861397
AGT32963960,Not Renewed,24,75,POL36885821
AGT65069263,Not Renewed,6,57,POL05417793
AGT67678944,Renewed,14,33,POL54459099
AGT90973904,Pending,48,54,POL25370845
AGT89916352,Pending,39,44,POL78045083
AGT52156406,Renewed,34,6,POL42954046
AGT31570138,Pending,19,69,POL70904560
AGT14364172,Not Renewed,5,1,POL09768718
AGT10161378,Not Renewed,0,1,POL60092587
AGT61666262,Pending,7,39,POL06598618
AGT37099504,Pending,47,33,POL19532067
AGT36089241,Not Renewed,1,13,POL13762609
AGT98711804,Renewed,44,31,POL52170033
AGT35188591,Renewed,17,33,POL51442309
AGT28400837,Not Renewed,22,64,POL18608877
AGT49598585,Renewed,30,40,POL52685173
AGT10424473,Not Renewed,40,76,POL65542837
AGT65385340,Pending,26,10,POL73324138
AGT88900124,Renewed,0,36,POL72790503
AGT69370822,Renewed,46,23,POL40780635
AGT65654717,Not Renewed,48,16,POL18093390
AGT21321674,Not Renewed,5,72,POL29299369
AGT80651448,Not Renewed,39,5,POL46449389
AGT38943732,Renewed,4,72,POL16254654
AGT39828323,Pending,18,11,POL90777171
AGT99069850,Pending,31,19,POL35998506
AGT09679111,Renewed,20,48,POL94198861
AGT19773419,Not Renewed,5,74,POL37962495
AGT49501909,Not Renewed,1,66,POL91554199
AGT37121249,Not Renewed,1,14,POL46427278
AGT53453463,Pending,30,18,POL20825981
AGT49144875,Not Renewed,13,91,POL29892816
AGT70529972,Renewed,44,19,POL12935594
AGT49492232,Renewed,10,42,POL60770959
AGT98782739,Renewed,0,98,POL65991604
AGT22904309,Renewed,37,16,POL99912141
AGT65234583,Not Renewed,28,98,POL33388431
AGT29989660,Not Renewed,10,91,POL83559583
AGT56596726,Renewed,24,89,POL48812002
AGT43790702,Renewed,18,41,POL64674789
AGT63075660,Pending,28,46,POL97443175
AGT68575311,Not Renewed,41,84,POL49903606
AGT74535438,Pending,33,10,POL80184579
AGT52661704,Pending,11,85,POL36142159
AGT71747392,Not Renewed,19,42,POL95381092
AGT65276164,Pending,50,4,POL68888844
AGT04210625,Not Renewed,19,91,POL85106188
AGT20783328,Not Renewed,30,71,POL89047007
AGT62130568,Not Renewed,2,65,POL40954269
AGT40820862,Not Renewed,35,90,POL11388203
AGT16911930,Renewed,24,87,POL43290092
AGT62858166,Not Renewed,49,44,POL67383698
AGT59154448,Pending,24,69,POL45795232
AGT24962110,Renewed,20,40,POL33244868
AGT52795756,Not Renewed,20,66,POL47746919
AGT98890277,Pending,34,20,POL39299681
AGT42725396,Renewed,28,71,POL25465013
AGT74612467,Renewed,36,20,POL75659154
AGT92319553,Not Renewed,7,65,POL67451011
AGT19679076,Not Renewed,2,10,POL57397238
AGT18164515,Renewed,42,55,POL95908586
AGT02686699,Renewed,37,79,POL69274209
AGT31396792,Renewed,43,40,POL54674373
AGT17797334,Pending,11,3,POL58108694
AGT88386094,Pending,0,59,POL63542337
AGT54576512,Not Renewed,23,76,POL30499231
AGT00212249,Pending,28,52,POL96504333
AGT82604158,Not Renewed,7,56,POL66279716
AGT42246881,Pending,48,39,POL23728678
AGT41876357,Renewed,50,73,POL22939272
AGT59460597,Pending,30,15,POL90938074
AGT06306594,Pending,17,42,POL14002864
AGT24028790,Not Renewed,11,85,POL56373098
AGT39135024,Not Renewed,44,61,POL13181261
AGT21629967,Renewed,29,4,POL93099683
AGT74529653,Renewed,40,66,POL61024790
AGT13134944,Renewed,47,48,POL73676395
AGT73990710,Pending,18,66,POL82553451
AGT80715603,Not Renewed,25,20,POL60362943
AGT78719121,Not Renewed,17,96,POL91111316
AGT93675725,Not Renewed,19,93,POL35399559
AGT59841015,Not Renewed,31,83,POL33853949
AGT76190003,Pending,42,16,POL70419372
AGT34969950,Not Renewed,21,86,POL79279066
AGT60428869,Pending,48,86,POL09652123
AGT03012517,Pending,40,62,POL79106490
AGT31859382,Pending,14,65,POL11486850
AGT17016347,Not Renewed,2,13,POL34147644
AGT87924283,Renewed,40,43,POL40501631
AGT77100458,Not Renewed,24,94,POL02303520
AGT97102976,Renewed,4,1,POL52768424
AGT11216518,Renewed,48,60,POL01471307
AGT37204401,Not Renewed,10,19,POL54130737
AGT07403772,Renewed,24,35,POL39140809
AGT25850868,Not Renewed,25,96,POL06464463
AGT19383790,Renewed,24,91,POL89541243
AGT39263140,Renewed,49,86,POL72775296
AGT59705268,Not Renewed,9,56,POL54950027
AGT84922970,Renewed,39,79,POL18911060
AGT11210439,Renewed,50,60,POL48214691
AGT67549517,Pending,14,66,POL09783846
AGT31656399,Not Renewed,48,70,POL94937025
AGT64245787,Renewed,31,72,POL49819394
AGT44712112,Not Renewed,18,6,POL00348397
AGT28078319,Pending,33,56,POL39660520
AGT70288312,Not Renewed,31,77,POL12428570
AGT64837076,Not Renewed,4,95,POL17396373
AGT81331636,Renewed,2,35,POL71741246
AGT10997016,Not Renewed,47,68,POL68123659
AGT71113749,Pending,15,100,POL99953034
AGT26423163,Not Renewed,9,46,POL98348434
AGT49569021,Pending,38,98,POL65126942
AGT02438431,Not Renewed,18,12,POL40430147
AGT80997275,Renewed,39,16,POL04548210
AGT15829160,Renewed,22,62,POL90584478
AGT87700807,Pending,47,37,POL09746785
AGT86100349,Renewed,13,87,POL46452646
AGT82751415,Renewed,21,55,POL64116872
AGT43398829,Pending,34,61,POL63437599
AGT26251970,Renewed,12,96,POL09309739
AGT05951054,Renewed,44,8,POL12714870
AGT22449930,Renewed,45,36,POL64283889
AGT04645492,Not Renewed,17,7,POL40696395
AGT01485162,Renewed,33,58,POL74216841
AGT57385162,Renewed,28,15,POL25899154
AGT56650266,Not Renewed,25,55,POL56002531
AGT76232332,Renewed,6,25,POL28874062
AGT12536380,Not Renewed,44,26,POL08466127
AGT48459678,Pending,23,51,POL55324239
AGT86148713,Pending,5,59,POL15347898
AGT24375185,Renewed,16,78,POL67417156
AGT46778785,Renewed,3,70,POL84231010
AGT06449774,Renewed,50,16,POL24855714
AGT15898830,Not Renewed,24,6,POL68375690
AGT28190372,Not Renewed,21,34,POL57863591
AGT00600072,Pending,42,8,POL72310248
AGT04858995,Pending,37,76,POL40755792
AGT63264383,Renewed,1,94,POL63897899
AGT59515807,Renewed,46,63,POL79704947
AGT76694657,Renewed,47,41,POL27219888
AGT52389293,Pending,39,44,POL30351443
AGT21637706,Not Renewed,35,90,POL16461308
AGT93053239,Renewed,12,19,POL03121184
AGT88939164,Renewed,10,79,POL25712135
AGT30916163,Renewed,23,18,POL75183965
AGT94269427,Renewed,50,80,POL35280348
AGT94291648,Pending,32,85,POL81060207
AGT48637957,Not Renewed,11,34,POL82542747
AGT12777777,Not Renewed,15,1,POL48887650
AGT13261188,Pending,37,92,POL14157474
AGT77596851,Pending,47,23,POL18172918
AGT54920010,Renewed,44,5,POL99817489
AGT33912142,Pending,11,82,POL11303623
AGT65687133,Pending,31,42,POL15880317
AGT32478887,Not Renewed,23,6,POL87220514
AGT82658500,Pending,5,45,POL27502535
AGT90014191,Pending,21,47,POL78352626
AGT46904808,Not Renewed,16,71,POL60480382
AGT95858668,Renewed,36,36,POL11423275
AGT11611615,Not Renewed,1,16,POL21502536
AGT38559920,Renewed,4,53,POL88741326
AGT37579812,Renewed,43,52,POL23048183
AGT83487327,Pending,31,24,POL87187767
AGT46274679,Pending,33,67,POL20686006
AGT87335835,Renewed,50,55,POL89253663
AGT54450282,Pending,7,61,POL61867449
AGT74479834,Pending,19,72,POL57681580
AGT70568957,Not Renewed,34,78,POL08922259
AGT63481168,Not Renewed,13,38,POL78101894
AGT37722516,Renewed,22,20,POL14245598
AGT05018695,Not Renewed,30,99,POL31194577
AGT46480364,Renewed,6,83,POL74756717
AGT49000490,Not Renewed,37,42,POL39487176
AGT82651683,Not Renewed,5,63,POL85944273
AGT09566766,Pending,8,7,POL70876228
AGT85093912,Pending,38,74,POL72056803
AGT66005978,Renewed,28,41,POL22646973
AGT26700727,Not Renewed,40,96,POL84679651
AGT31615555,Pending,11,90,POL63927157
AGT61376919,Pending,26,52,POL62321649
AGT97436058,Pending,12,51,POL07337795
AGT39272724,Renewed,9,54,POL04101668
AGT70994777,Pending,48,23,POL64468653
AGT78962183,Not Renewed,49,2,POL31133103
AGT56251347,Not Renewed,50,39,POL21871449
AGT72014758,Not Renewed,24,46,POL56211763
AGT19205857,Not Renewed,6,19,POL87408952
AGT06965307,Renewed,39,35,POL16668072
AGT06143422,Pending,43,40,POL16834109
AGT52804395,Not Renewed,46,9,POL50239181
AGT68828536,Not Renewed,41,75,POL95905175
AGT47627602,Pending,41,87,POL96194303
AGT26520569,Not Renewed,7,73,POL03859543
AGT93008259,Pending,40,9,POL52134760
AGT07835571,Not Renewed,40,34,POL98989117
AGT29021729,Pending,12,20,POL20307557
AGT95242457,Pending,27,85,POL78613616
AGT36983917,Not Renewed,40,44,POL91578808
AGT81488966,Pending,10,100,POL81437740
AGT81769001,Not Renewed,12,43,POL13892354
AGT74306636,Renewed,28,74,POL65609940
AGT77479254,Pending,38,91,POL14929560
AGT01024817,Pending,43,31,POL64204852
AGT82053654,Not Renewed,50,25,POL42192806
AGT35916505,Renewed,31,56,POL80850995
AGT48245949,Pending,14,95,POL24046541
AGT71495509,Renewed,32,49,POL17406107
AGT13326823,Not Renewed,1,94,POL01522265
AGT24641573,Pending,0,68,POL51383212
AGT98181314,Not Renewed,32,75,POL71973379
AGT43553387,Not Renewed,30,15,POL63114558
AGT01044162,Renewed,39,31,POL54636446
AGT06830311,Not Renewed,17,63,POL16767131
AGT23690528,Not Renewed,45,64,POL01012522
AGT96040842,Pending,24,87,POL69932027
AGT38583888,Not Renewed,22,93,POL06318068
AGT05002529,Not Renewed,10,95,POL55398785
AGT10527838,Not Renewed,35,54,POL47605263
AGT08253010,Pending,50,49,POL72517283
AGT95063933,Renewed,2,5,POL38688649
AGT81277166,Renewed,38,3,POL75796752
AGT89827810,Pending,16,23,POL96832435
AGT45076804,Pending,25,98,POL79111025
AGT88533091,Renewed,8,96,POL58923628
AGT22669682,Not Renewed,11,12,POL55938009
AGT07124978,Not Renewed,43,66,POL89387677
AGT21509926,Pending,11,57,POL35254218
AGT93615275,Pending,33,67,POL36915834
AGT82704019,Renewed,9,3,POL51022224
AGT15291668,Pending,26,44,POL11377387
AGT24143176,Renewed,8,2,POL93761143
AGT52145031,Pending,48,60,POL27799003
AGT55095152,Not Renewed,25,8,POL68805263
AGT05003351,Pending,14,60,POL88991163
AGT71631197,Not Renewed,10,24,POL75492947
AGT91711072,Pending,19,59,POL31494844
AGT86899634,Pending,40,92,POL57894817
AGT26783043,Renewed,47,90,POL66358855
AGT75159310,Not Renewed,49,75,POL38348669
AGT57691275,Pending,48,79,POL64607736
AGT10709446,Pending,31,47,POL25834055
AGT58438820,Pending,33,74,POL18735683
AGT58202684,Renewed,9,66,POL75415514
AGT40284512,Renewed,21,39,POL69044273
AGT54092148,Pending,33,86,POL57020176
AGT94146815,Pending,21,98,POL98914308
AGT74116741,Pending,13,57,POL13435442
AGT63146320,Pending,11,77,POL98372511
AGT56417685,Renewed,28,88,POL30960897
AGT96178095,Not Renewed,30,57,POL78449319
AGT13487772,Pending,13,98,POL10824295
AGT63105851,Not Renewed,43,42,POL31924493
AGT96428198,Renewed,20,38,POL46013781
AGT01632127,Renewed,13,80,POL63838195
AGT21013518,Not Renewed,39,21,POL29922770
AGT64448463,Renewed,18,93,POL70933310
AGT65542776,Renewed,46,57,POL32214877
AGT83061443,Not Renewed,29,45,POL75572994
AGT48849515,Pending,33,50,POL50374708
AGT64301657,Pending,48,31,POL78800512
AGT43901285,Pending,23,92,POL92952758
AGT00724477,Not Renewed,20,92,POL23851177
AGT36408447,Not Renewed,4,24,POL93775978
AGT80378946,Not Renewed,7,4,POL75103781
AGT82876518,Renewed,37,26,POL60130664
AGT23814576,Not Renewed,38,30,POL26049302
AGT19058300,Renewed,38,73,POL91787213
AGT77165335,Renewed,25,52,POL67696228
AGT68651482,Renewed,24,16,POL53939402
AGT41439810,Not Renewed,9,57,POL84438611
AGT48622985,Not Renewed,41,98,POL49101853
AGT98526394,Renewed,48,26,POL08436264
AGT95594807,Not Renewed,28,14,POL92070714
AGT26322201,Renewed,32,26,POL22181403
AGT88364407,Pending,28,14,POL82093909
AGT29749962,Pending,0,65,POL20126497
AGT51969970,Renewed,44,63,POL97638998
AGT08702462,Renewed,3,64,POL09320154
AGT69171597,Renewed,7,66,POL49077462
AGT38435195,Pending,23,57,POL82524320
AGT01997214,Pending,50,65,POL82751378
AGT62380562,Not Renewed,39,92,POL83133699
AGT41898178,Not Renewed,12,62,POL85481964
AGT12269002,Pending,23,50,POL90911648
AGT13024162,Pending,38,82,POL74617245
AGT07134329,Renewed,45,65,POL51850419
AGT60540086,Not Renewed,25,30,POL72865831
AGT39463022,Pending,31,9,POL42505976
AGT22593630,Renewed,35,57,POL17099737
AGT04323139,Not Renewed,40,93,POL56083774
AGT75815459,Renewed,17,33,POL51933372
AGT36631149,Renewed,40,68,POL83634244
AGT12429715,Not Renewed,33,30,POL12296231
AGT75868943,Renewed,31,93,POL27396272
AGT64315991,Not Renewed,8,69,POL07772335
AGT19435594,Pending,25,65,POL91135744
AGT71063006,Not Renewed,24,94,POL70866676
AGT41425593,Pending,15,46,POL18063392
AGT21113368,Pending,19,90,POL54583693
AGT26064337,Not Renewed,24,86,POL04954474
AGT36525834,Pending,0,25,POL14554808
AGT02991255,Pending,35,6,POL41642157
AGT79537809,Pending,43,17,POL66022914
AGT52795669,Renewed,20,48,POL38530404
AGT69916515,Renewed,7,66,POL12062320
AGT23370936,Not Renewed,20,35,POL00464071
AGT38978466,Pending,12,25,POL40274075
AGT72330390,Not Renewed,32,24,POL32938098
AGT43087593,Not Renewed,27,24,POL69638846
AGT68929155,Pending,36,78,POL69225417
AGT94239683,Pending,18,62,POL11308160
AGT48872418,Renewed,36,88,POL15495647
AGT92320343,Pending,5,51,POL95524303
AGT74543955,Renewed,42,3,POL82092173
AGT91421893,Renewed,34,88,POL27860857
AGT16486426,Renewed,26,53,POL99666979
AGT43242167,Pending,13,88,POL38386145
AGT37822369,Not Renewed,41,37,POL09884871
AGT83422380,Pending,12,42,POL41171995
AGT76532342,Pending,4,56,POL01039952
AGT79635844,Not Renewed,2,59,POL50481637
AGT87937121,Renewed,21,53,POL37801835
AGT00478770,Pending,18,50,POL36547956
AGT55045922,Not Renewed,25,82,POL79145337
AGT39696317,Pending,42,66,POL77433567
AGT55622573,Renewed,35,34,POL46414237
AGT95899686,Not Renewed,28,76,POL69716653
AGT17962538,Not Renewed,10,89,POL08643765
AGT31116346,Renewed,7,11,POL50447483
AGT81329944,Not Renewed,4,42,POL98651688
AGT77043154,Pending,18,19,POL20686331
AGT00267537,Pending,24,44,POL02182930
AGT29749580,Renewed,44,88,POL15525439
AGT80454061,Pending,16,63,POL30795826
AGT26440229,Not Renewed,16,71,POL92884987
AGT08466189,Renewed,39,96,POL00668082
AGT65634284,Not Renewed,8,91,POL85503272
AGT91260332,Not Renewed,32,98,POL35164038
AGT72423698,Renewed,45,94,POL46336502
AGT71528454,Pending,22,92,POL17045726
AGT79700512,Pending,25,92,POL64631990
AGT24584484,Pending,19,32,POL65318927
AGT67544382,Pending,46,69,POL04944787
AGT04672639,Renewed,0,27,POL14588316
AGT82689649,Pending,25,39,POL05595265
AGT47669941,Not Renewed,17,50,POL27996809
AGT97256077,Renewed,9,98,POL39168523
AGT92168244,Not Renewed,24,16,POL38746180
AGT14540521,Pending,21,30,POL04530162
AGT15899935,Not Renewed,29,3,POL55512512
AGT22410842,Not Renewed,10,81,POL28660902
AGT59746341,Pending,23,10,POL77763107
AGT88391594,Pending,18,77,POL79091785
AGT74213544,Renewed,39,92,POL91241306
AGT17244102,Pending,24,71,POL52344309
AGT96711828,Not Renewed,35,27,POL71689457
AGT29923662,Not Renewed,32,24,POL63989865
AGT71482280,Pending,4,82,POL95848823
AGT99661961,Pending,19,16,POL89319438
AGT05449454,Pending,12,94,POL56652346
AGT97777065,Pending,2,50,POL75516899
AGT24307571,Not Renewed,32,21,POL76074801
AGT42682931,Not Renewed,18,80,POL88776548
AGT15160807,Pending,5,82,POL86872083
AGT21676942,Pending,0,70,POL76421974
AGT36360357,Renewed,25,10,POL71366878
AGT58593504,Not Renewed,25,3,POL22408747
AGT59610005,Renewed,45,85,POL25050325
AGT88263279,Renewed,49,57,POL39649490
AGT88580482,Renewed,9,66,POL93990309
AGT85617418,Not Renewed,30,36,POL53803304
AGT16791218,Not Renewed,42,70,POL12551742
AGT15846342,Not Renewed,9,1,POL48449977
AGT14450906,Not Renewed,37,69,POL14355041
AGT34212222,Renewed,30,1,POL38268987
AGT94212987,Pending,38,54,POL80201508
AGT78931849,Renewed,17,68,POL67510645
AGT28214394,Not Renewed,15,49,POL03891541
AGT71487420,Renewed,1,79,POL01378372
AGT60120384,Renewed,0,5,POL19957770
AGT52848858,Renewed,47,83,POL21119152
AGT06731956,Renewed,37,38,POL12712372
AGT79793391,Renewed,46,17,POL87324459
AGT04749812,Pending,48,59,POL54520836
AGT09606547,Renewed,6,6,POL65532247
AGT95400743,Pending,39,18,POL48016627
AGT57650197,Pending,32,79,POL26288388
AGT89586081,Pending,37,35,POL93612712
AGT73975840,Renewed,32,12,POL97702874
AGT70596283,Not Renewed,38,82,POL24773335
AGT56190974,Not Renewed,3,7,POL68317236
AGT15522786,Not Renewed,26,72,POL57131187
AGT28584442,Pending,41,97,POL39610160
AGT22547130,Pending,39,41,POL62155198
AGT16581792,Renewed,35,63,POL22111965
AGT99598411,Not Renewed,34,7,POL82259907
AGT97072649,Renewed,48,56,POL94271909
AGT38073315,Pending,41,68,POL93066643
AGT60252882,Pending,10,73,POL44871604
AGT50030178,Pending,47,52,POL57812937
AGT91787543,Renewed,29,38,POL91258845
AGT63390608,Not Renewed,38,85,POL41513621
AGT41434573,Renewed,2,69,POL78779141
AGT04508256,Renewed,27,13,POL13533618
AGT53739039,Not Renewed,34,53,POL64331852
AGT59051381,Pending,36,52,POL97038585
AGT56429254,Not Renewed,45,69,POL96658719
AGT82131140,Renewed,41,81,POL18799743
AGT10478545,Pending,7,29,POL20512215
AGT89360503,Renewed,8,82,POL37593998
AGT08341305,Pending,43,54,POL28107867
AGT46115915,Renewed,4,53,POL73654382
AGT35450443,Renewed,36,72,POL39477201
AGT33201044,Pending,30,74,POL62898897
AGT39868562,Not Renewed,38,86,POL31990750
AGT85623445,Renewed,45,96,POL88770224
AGT38451993,Renewed,34,9,POL80243526
AGT85095072,Not Renewed,45,50,POL09953966
AGT88235541,Not Renewed,35,45,POL46136087
AGT46646534,Not Renewed,35,2,POL56975228
AGT44761865,Pending,18,9,POL00517693
AGT02174065,Renewed,32,23,POL28363275
AGT87051437,Renewed,21,3,POL00148188
AGT54866728,Renewed,2,57,POL36786547
AGT34955427,Renewed,2,28,POL62149179
AGT50818134,Not Renewed,48,67,POL82496704
AGT25955997,Renewed,35,28,POL67171519
AGT76227421,Renewed,29,29,POL09725206
AGT03453551,Not Renewed,18,22,POL60240212
AGT17264976,Not Renewed,35,38,POL20435070
AGT48511651,Pending,48,82,POL42936470
AGT23786092,Renewed,38,69,POL09995407
AGT75898298,Renewed,15,93,POL78303630
AGT47965787,Renewed,49,61,POL14011432
AGT46386072,Pending,40,88,POL69907310
AGT66399734,Renewed,34,78,POL31178570
AGT35763743,Pending,27,46,POL56700369
AGT79766570,Renewed,24,45,POL06723826
AGT73353972,Not Renewed,1,19,POL43799582
AGT36987155,Pending,22,67,POL92865559
AGT47958144,Not Renewed,13,86,POL09886051
AGT43852256,Pending,41,27,POL39807316
AGT68281384,Not Renewed,7,51,POL84758742
AGT95916653,Renewed,42,36,POL79306031
AGT98301953,Pending,50,3,POL84981148
AGT90654904,Renewed,48,80,POL58228510
AGT37947333,Renewed,9,44,POL81359394
AGT91264591,Renewed,44,16,POL23964698
AGT05751805,Not Renewed,14,72,POL85529344
AGT83302950,Renewed,10,9,POL44119689
AGT91868689,Renewed,25,46,POL71629276
AGT24861898,Pending,2,95,POL80884020
AGT48101274,Pending,37,86,POL01079944
AGT19488946,Pending,32,34,POL02598961
AGT07677412,Pending,43,56,POL45490530
AGT03169551,Renewed,49,84,POL54078734
AGT22221159,Not Renewed,26,2,POL15757383
AGT09949519,Not Renewed,16,88,POL77283434
AGT04831513,Not Renewed,27,66,POL14393103
AGT62228723,Pending,23,38,POL91259489
AGT52830256,Pending,33,37,POL81985235
AGT42495705,Renewed,28,94,POL20995447
AGT16007404,Not Renewed,48,25,POL98161265
AGT45307492,Pending,15,35,POL45315654
AGT55476255,Not Renewed,2,33,POL90511171
AGT98128545,Renewed,18,9,POL13266531
AGT01783387,Pending,4,89,POL52900081
AGT70533461,Renewed,17,22,POL95004499
AGT04034480,Not Renewed,35,53,POL96668666
AGT10307324,Pending,50,41,POL74902947
AGT82546324,Renewed,49,96,POL21502603
AGT46684672,Renewed,11,65,POL81732788
AGT79156838,Pending,27,10,POL34844451
AGT96795294,Renewed,24,85,POL16452788
AGT58541901,Not Renewed,27,61,POL44772123
AGT59844923,Pending,13,97,POL11755321
AGT17043513,Renewed,13,11,POL43986389
AGT19962859,Not Renewed,25,45,POL56561026
AGT39769718,Not Renewed,18,34,POL98651946
AGT02886499,Not Renewed,31,67,POL79918238
AGT11334464,Not Renewed,50,59,POL44808829
AGT72362101,Not Renewed,46,82,POL49905886
AGT73324242,Pending,25,66,POL61467343
AGT62765690,Pending,3,83,POL15307389
AGT43313051,Not Renewed,46,18,POL05353456
AGT52956011,Not Renewed,48,59,POL31639522
AGT24004665,Pending,41,29,POL88523487
AGT65446490,Renewed,17,77,POL40389475
AGT19239476,Renewed,42,56,POL00447395
AGT66578363,Renewed,0,34,POL34180846
AGT69383848,Pending,19,1,POL54942639
AGT06140655,Not Renewed,22,59,POL95808382
AGT98997789,Renewed,47,70,POL73626645
AGT47666169,Renewed,13,31,POL47986452
AGT53817199,Pending,36,66,POL45394277
AGT09310257,Pending,1,78,POL93217359
AGT56398276,Renewed,28,6,POL51057338
AGT65653238,Pending,34,8,POL58542189
AGT07282207,Renewed,25,46,POL63719116
AGT55337427,Renewed,21,4,POL21355048
AGT94995160,Pending,45,80,POL56484946
AGT91427056,Pending,16,2,POL52322172
AGT36790481,Renewed,26,86,POL42467906
AGT86989076,Renewed,3,92,POL84424949
AGT67681724,Renewed,50,65,POL14844757
AGT02826941,Renewed,24,86,POL34037675
AGT20445948,Renewed,50,54,POL53289086
AGT47339575,Not Renewed,45,86,POL96497115
AGT32467699,Not Renewed,15,36,POL85219139
AGT99956033,Pending,41,70,POL36934313
AGT02098968,Pending,47,76,POL24076840
AGT85093476,Pending,5,14,POL86085378
AGT15838329,Pending,15,100,POL77005000
AGT54350850,Pending,5,12,POL97833278
AGT30914608,Pending,4,92,POL07905542
AGT44902513,Not Renewed,46,60,POL31729294
AGT54102995,Renewed,18,16,POL61367355
AGT29716790,Renewed,19,13,POL82703619
AGT28215516,Pending,27,61,POL55300155
AGT90224980,Pending,1,63,POL62118534
AGT82383582,Renewed,1,17,POL03728537
AGT81163528,Not Renewed,11,58,POL43758168
AGT10241768,Pending,17,44,POL10592751
AGT58501136,Pending,16,65,POL63225220
AGT00628004,Not Renewed,46,33,POL11554162
AGT98795111,Not Renewed,23,83,POL90169809
AGT53195403,Renewed,49,87,POL64188394
AGT77948508,Not Renewed,1,39,POL51072815
AGT39545745,Renewed,38,96,POL03680995
AGT50727683,Pending,46,13,POL56799404
AGT99748955,Not Renewed,33,66,POL50630686
AGT15407499,Renewed,41,80,POL17837045
AGT94943006,Not Renewed,28,87,POL85450794
AGT09505252,Not Renewed,50,37,POL23979446
AGT29805386,Not Renewed,18,63,POL35649929
AGT82543782,Renewed,32,64,POL94615763
AGT95465094,Renewed,19,85,POL96661743
AGT53373469,Renewed,11,18,POL37993966
AGT22764564,Renewed,37,3,POL26618148
AGT38401521,Renewed,7,22,POL20520484
AGT54488856,Renewed,2,61,POL17938396
AGT41799891,Not Renewed,14,32,POL76734987
AGT32966236,Renewed,33,27,POL64073712
AGT80990756,Not Renewed,6,35,POL83784194
AGT62534319,Pending,8,100,POL55315698
AGT64908944,Renewed,33,70,POL98432913
AGT24321998,Not Renewed,38,73,POL77625425
AGT29154185,Renewed,50,93,POL39689030
AGT60150335,Not Renewed,50,35,POL64080185
AGT70660280,Not Renewed,33,63,POL75784905
AGT25551765,Renewed,38,52,POL65626338
AGT45226004,Renewed,37,82,POL28255049
AGT26960942,Renewed,24,71,POL90127927
AGT47672917,Pending,41,90,POL30181067
AGT48625370,Renewed,9,71,POL63419367
AGT90609773,Pending,17,49,POL53578236
AGT12665306,Pending,48,51,POL96375176
AGT98593376,Not Renewed,3,52,POL82494167
AGT55958444,Renewed,43,11,POL24384537
AGT78776800,Renewed,41,2,POL58817915
AGT18396003,Pending,31,20,POL19255943
AGT98064080,Renewed,2,33,POL51786997
AGT56386336,Pending,46,32,POL14294149
AGT88783536,Renewed,20,40,POL10223827
AGT31991348,Renewed,25,79,POL46515162
AGT23055989,Renewed,25,6,POL68308449
AGT81051322,Renewed,9,85,POL63767133
AGT06555310,Pending,16,56,POL25372382
AGT25438504,Renewed,3,97,POL82148607
AGT59479299,Pending,50,67,POL76394860
AGT13202355,Renewed,8,12,POL00830653
AGT36569335,Renewed,17,1,POL92816036
AGT17821043,Renewed,6,34,POL95823449
AGT21463854,Pending,24,18,POL68941545
AGT88244367,Not Renewed,15,40,POL12830195
AGT35396108,Pending,24,85,POL40877445
AGT71409745,Not Renewed,25,91,POL90732218
AGT99712366,Renewed,24,20,POL14138519
AGT82942365,Not Renewed,10,75,POL68942748
AGT53778729,Pending,7,14,POL60663537
AGT66606908,Renewed,29,43,POL65495317
AGT67142815,Pending,4,34,POL07522607
AGT96492065,Not Renewed,3,87,POL78617883
AGT57233245,Not Renewed,29,74,POL40562247
AGT43671201,Pending,24,4,POL03245677
AGT51115337,Not Renewed,36,75,POL45492411
AGT09123984,Not Renewed,21,68,POL70988897
AGT01638368,Not Renewed,50,42,POL65537265
AGT57252570,Not Renewed,5,86,POL62087073
AGT76359038,Not Renewed,15,62,POL50975802
AGT49004723,Pending,48,56,POL83231801
AGT09481539,Renewed,36,60,POL72388396
AGT49550843,Pending,50,17,POL11496462
AGT16445896,Renewed,35,76,POL17981826
AGT99160852,Pending,32,54,POL57676193
AGT01283690,Pending,23,27,POL12629332
AGT14203646,Renewed,11,13,POL15182482
AGT86737007,Renewed,15,2,POL52000180
AGT40790850,Renewed,0,27,POL02268449
AGT76895236,Not Renewed,46,34,POL46609682
AGT55474016,Not Renewed,25,1,POL63483094
AGT13364013,Not Renewed,25,28,POL41401323
AGT93163172,Renewed,16,38,POL09122433
AGT38615541,Pending,8,44,POL04448150
AGT49986204,Pending,8,62,POL14172543
AGT90504815,Pending,28,82,POL67344222
AGT60658410,Not Renewed,3,32,POL88871637
AGT94864562,Renewed,46,53,POL30158428
AGT02346688,Pending,11,70,POL84279784
AGT24558843,Pending,12,54,POL20003518
AGT69020282,Pending,36,69,POL46375474
AGT50177826,Pending,23,81,POL10264853
AGT92489092,Renewed,5,96,POL36714919
AGT26142387,Not Renewed,5,74,POL33225143
AGT16188919,Not Renewed,41,6,POL09141368
AGT39245444,Not Renewed,31,34,POL50620318
AGT42786927,Renewed,26,17,POL00228879
AGT18766164,Pending,39,61,POL30568906
AGT74220422,Pending,30,66,POL63605662
AGT17390301,Renewed,27,36,POL35727736
AGT73690888,Pending,35,100,POL00096946
AGT11066373,Pending,41,76,POL73017269
AGT06072989,Not Renewed,1,10,POL98320101
AGT65171751,Renewed,1,51,POL74138353
AGT48839917,Pending,46,71,POL46352702
AGT88999704,Pending,3,81,POL92392809
AGT91920072,Renewed,50,72,POL45444901
AGT15670871,Renewed,37,4,POL93012338
AGT22653895,Not Renewed,11,98,POL12937892
AGT18548727,Not Renewed,23,65,POL48910951
AGT80410773,Not Renewed,18,18,POL42785158
AGT71200585,Renewed,0,23,POL89481184
AGT56546853,Not Renewed,43,3,POL80803306
AGT96787285,Pending,24,50,POL84700280
AGT16502801,Pending,40,59,POL00994275
AGT15466674,Renewed,12,20,POL63571175
AGT75979047,Not Renewed,48,17,POL29685812
AGT67021100,Not Renewed,38,6,POL11444956
AGT97215039,Renewed,10,31,POL62192158
AGT91786886,Renewed,33,68,POL19587292
AGT33015436,Pending,5,50,POL22301304
AGT85952536,Renewed,48,30,POL25455063
AGT51823573,Pending,9,37,POL10635229
AGT93767974,Renewed,46,11,POL98472964
AGT53097643,Pending,42,79,POL05444985
AGT00412594,Renewed,37,14,POL00346770
AGT67301141,Pending,16,85,POL10547334
AGT18948381,Pending,17,94,POL52411181
AGT22474760,Pending,1,46,POL35189508
AGT21201549,Not Renewed,13,36,POL19885981
AGT53106428,Renewed,41,28,POL70622668
AGT13673056,Renewed,14,20,POL12811794
AGT37148310,Renewed,26,94,POL86559672
AGT15311888,Not Renewed,26,48,POL50223733
AGT24817559,Not Renewed,0,76,POL36595013
AGT16426869,Renewed,17,84,POL75843997
AGT95125488,Pending,41,27,POL89539579
AGT21680104,Not Renewed,26,81,POL33064834
AGT58926308,Not Renewed,3,19,POL76388033
AGT38445429,Renewed,35,51,POL80458341
AGT77257308,Not Renewed,4,65,POL32514074
AGT45429290,Renewed,9,86,POL71130458
AGT38447281,Not Renewed,25,19,POL74295287
AGT98193574,Renewed,40,44,POL66283142
AGT03893815,Pending,8,17,POL93274437
AGT81724012,Pending,23,39,POL23241143
AGT50833991,Not Renewed,32,99,POL73582345
AGT93629395,Pending,50,37,POL22496499
AGT24336071,Not Renewed,18,76,POL91516623
AGT74584805,Renewed,39,10,POL24716865
AGT39694828,Not Renewed,23,97,POL99941160
AGT72422447,Pending,33,82,POL29228697
AGT04029990,Pending,37,75,POL97030178
AGT35924166,Pending,31,62,POL92032315
AGT15989515,Renewed,0,39,POL08033487
AGT61048127,Not Renewed,27,41,POL83688461
AGT39597137,Not Renewed,24,77,POL42688275
AGT58933830,Pending,45,99,POL20270146
AGT50087054,Pending,44,16,POL20843719
AGT38030592,Not Renewed,25,6,POL78506700
AGT09819686,Renewed,28,18,POL93758442
AGT15247343,Pending,10,50,POL24987681
AGT80294331,Not Renewed,34,30,POL96246636
AGT78978044,Pending,33,57,POL31948487
AGT55600380,Not Renewed,23,47,POL33850550
AGT11053937,Renewed,50,61,POL21623003
AGT18157352,Pending,20,82,POL09566109
AGT43627793,Renewed,22,63,POL66161034
AGT74274071,Pending,41,93,POL67789029
AGT57446589,Renewed,38,63,POL81758339
AGT09544613,Renewed,10,97,POL53331618
AGT74506305,Not Renewed,14,10,POL41307729
AGT71336529,Pending,39,59,POL33299865
AGT18034573,Renewed,27,50,POL40752676
AGT00597275,Renewed,20,39,POL79429202
AGT89363280,Pending,36,91,POL22220595
AGT38800622,Pending,30,13,POL86063749
AGT37412040,Pending,41,3,POL76817780
AGT32233463,Renewed,31,56,POL73772747
AGT68535167,Renewed,32,60,POL16231917
AGT50533434,Not Renewed,23,83,POL94532652
AGT22823619,Pending,26,49,POL91190170
AGT22890087,Renewed,4,55,POL92547677
AGT42389825,Not Renewed,27,32,POL11415777
AGT35286853,Pending,10,66,POL54662210
AGT32528662,Not Renewed,0,30,POL50893138
AGT14819904,Pending,38,8,POL58922928
AGT44466760,Not Renewed,27,16,POL07408282
AGT99174279,Pending,44,41,POL58697691
AGT98323145,Renewed,32,56,POL14293644
AGT35939387,Renewed,19,6,POL84921954
AGT21004378,Not Renewed,14,30,POL75706298
AGT34295180,Not Renewed,2,96,POL49450017
AGT36949728,Not Renewed,42,12,POL04747372
AGT30319347,Renewed,13,26,POL23753951
AGT80749348,Pending,23,29,POL98798352
AGT47956245,Renewed,14,77,POL45453047
AGT81207821,Not Renewed,30,14,POL34029193
AGT20996244,Not Renewed,50,70,POL14622039
AGT87126729,Pending,5,74,POL35484461
AGT71763216,Renewed,4,70,POL19625007
AGT66350037,Not Renewed,6,63,POL68048439
AGT91886108,Renewed,36,37,POL97321987
AGT61126040,Not Renewed,50,97,POL07470252
AGT07601807,Renewed,28,33,POL80906414
AGT92467682,Not Renewed,17,86,POL83440343
AGT71348949,Not Renewed,2,74,POL92817192
AGT03473480,Pending,1,94,POL24735696
AGT99192729,Pending,28,22,POL56295315
AGT51660442,Pending,11,6,POL08536084
AGT73865634,Renewed,25,43,POL73506805
AGT35303040,Renewed,7,19,POL64655567
AGT70795160,Not Renewed,35,49,POL15357129
AGT85128664,Not Renewed,20,3,POL95333136
AGT05843797,Pending,46,62,POL92690680
AGT90067252,Not Renewed,6,38,POL73706161
AGT09342661,Pending,27,89,POL61367608
AGT26283585,Not Renewed,31,71,POL33328438
AGT65630419,Not Renewed,6,79,POL63077601
AGT65070882,Not Renewed,33,73,POL20742697
AGT05175722,Not Renewed,23,42,POL28263562
AGT60929565,Pending,14,94,POL07250865
AGT35766654,Pending,33,98,POL33910335
AGT55608553,Pending,3,94,POL41613938
AGT37710949,Renewed,11,80,POL56060343
AGT88135501,Renewed,32,100,POL17678286
AGT90225977,Pending,21,88,POL99884356
AGT54638243,Renewed,31,80,POL64233816
AGT85988777,Not Renewed,33,67,POL54191606
AGT07211934,Renewed,14,28,POL80364635
AGT93024661,Pending,16,24,POL27999053
AGT55657875,Renewed,46,94,POL68750121
AGT16480099,Renewed,24,73,POL63818909
AGT99893959,Renewed,26,50,POL51550482
AGT80411153,Pending,26,57,POL82889617
AGT42665660,Pending,2,71,POL28971853
AGT34742688,Not Renewed,30,81,POL36334787
AGT01335263,Pending,43,78,POL15506424
AGT39635790,Renewed,14,34,POL73122537
AGT14729748,Pending,7,5,POL82409345
AGT62005329,Renewed,39,30,POL19823419
AGT55579335,Not Renewed,32,71,POL91695176
AGT96879410,Pending,28,47,POL68099694
AGT03780850,Pending,34,68,POL62266023
AGT54895863,Renewed,2,74,POL43318024
AGT04260734,Not Renewed,36,9,POL18546067
AGT14787564,Renewed,40,27,POL43784976
AGT19442527,Renewed,38,84,POL21103923
AGT41820852,Renewed,47,38,POL92837863
AGT03359539,Pending,14,74,POL53750210
AGT72991877,Pending,8,57,POL74597020
AGT96173315,Pending,5,41,POL92351882
AGT55715373,Renewed,10,64,POL24459389
AGT63244107,Renewed,5,82,POL13218423
AGT99904888,Not Renewed,26,89,POL50086773
AGT88272277,Renewed,7,16,POL60541709
AGT17280931,Not Renewed,43,8,POL34052302
AGT57472486,Renewed,8,39,POL10236705
AGT68623643,Pending,17,47,POL19552952
AGT10274947,Renewed,42,87,POL30306030
AGT46809645,Not Renewed,6,32,POL96996235
AGT67071352,Not Renewed,6,14,POL78662239
AGT79163440,Pending,11,85,POL29271605
AGT96691845,Not Renewed,39,10,POL28002736
AGT22333726,Renewed,19,91,POL85156451
AGT04918313,Pending,33,88,POL40235413
AGT22280433,Renewed,49,27,POL01226871
AGT58700191,Renewed,43,21,POL04051225
AGT40135711,Not Renewed,24,89,POL04612795
AGT24811854,Renewed,2,61,POL17867504
AGT00393928,Pending,4,55,POL32327074
AGT01538154,Not Renewed,4,46,POL26404554
AGT76641755,Pending,39,59,POL14697961
AGT34416849,Renewed,49,52,POL36275848
AGT40349859,Pending,21,82,POL13985907
AGT36203921,Renewed,26,78,POL51851655
AGT22242430,Renewed,22,46,POL24187970
AGT94785024,Pending,34,61,POL99222365
AGT08984907,Not Renewed,15,55,POL55964099
AGT88160847,Renewed,12,24,POL30236803
AGT57795017,Renewed,1,22,POL14005154
AGT64734100,Renewed,4,20,POL26980875
AGT74898480,Not Renewed,3,85,POL87037802
AGT53645356,Renewed,48,62,POL31317905
AGT07969896,Renewed,0,12,POL75121871
AGT75725332,Pending,48,95,POL76278767
AGT44295378,Not Renewed,43,25,POL73257652
AGT08327843,Pending,18,24,POL09641433
AGT84695524,Pending,22,33,POL32459505
AGT95905567,Not Renewed,46,66,POL46550237
AGT53005543,Pending,25,76,POL88593471
AGT61779939,Not Renewed,33,79,POL87616796
AGT53700944,Renewed,31,5,POL53680608
AGT04229507,Renewed,44,50,POL13181377
AGT69222830,Pending,41,29,POL15636653
AGT22435679,Renewed,32,70,POL44476991
AGT38876336,Renewed,23,43,POL30619857
AGT09511466,Pending,43,67,POL23970822
AGT25026983,Not Renewed,25,21,POL61725675
AGT23050291,Not Renewed,32,19,POL11516583
AGT90864274,Not Renewed,29,22,POL27425814
AGT65700771,Renewed,11,17,POL49437324
AGT61554855,Renewed,9,4,POL12536451
AGT14709746,Not Renewed,3,66,POL84291987
AGT30398581,Pending,17,45,POL32942067
AGT01213263,Pending,27,57,POL15886204
AGT31432263,Renewed,46,5,POL29858612
AGT85783725,Not Renewed,41,7,POL78513544
AGT09675655,Pending,32,90,POL47222103
AGT02200839,Renewed,40,9,POL25708156
AGT00231418,Pending,6,80,POL41605006
AGT58252689,Not Renewed,21,49,POL25794151
AGT00257096,Pending,9,71,POL75540698
AGT79870918,Renewed,23,51,POL79812576
AGT43475435,Not Renewed,29,63,POL96627466
AGT23709346,Not Renewed,15,11,POL18134493
AGT88512728,Renewed,15,50,POL76432131
AGT67552843,Not Renewed,1,13,POL79051924
AGT86508144,Pending,31,45,POL90691357
AGT57343004,Pending,24,66,POL28778471
AGT06133507,Pending,18,38,POL73016380
AGT97857026,Renewed,10,6,POL53374047
AGT85433940,Not Renewed,12,35,POL73225608
AGT90726414,Renewed,14,78,POL96974246
AGT96655342,Renewed,38,63,POL14924574
AGT46287314,Not Renewed,40,91,POL42903965
AGT13703725,Renewed,33,89,POL95960706
AGT75996769,Renewed,29,5,POL61950574
AGT11309214,Renewed,31,12,POL08851218
AGT46476944,Pending,43,5,POL89077589
AGT33811594,Not Renewed,7,67,POL21637751
AGT00446436,Not Renewed,26,80,POL20698881
AGT15223147,Not Renewed,31,90,POL55748934
AGT38242528,Not Renewed,37,52,POL95603214
AGT16581143,Renewed,46,7,POL97852810
AGT08573974,Renewed,47,70,POL95259508
AGT85678288,Renewed,41,43,POL70372456
AGT82144561,Renewed,4,4,POL78473646
AGT68107880,Pending,30,2,POL81550647
AGT50091681,Pending,31,39,POL95538571
AGT67838470,Renewed,42,57,POL54792632
AGT03150235,Pending,17,23,POL51614389
AGT80610201,Renewed,42,69,POL93746729
AGT53627375,Not Renewed,30,85,POL39986645
AGT14457211,Renewed,34,62,POL63446191
AGT80133653,Not Renewed,42,52,POL90621293
AGT31442801,Renewed,37,87,POL06557000
AGT90621659,Pending,30,44,POL74630196
AGT95476068,Pending,2,96,POL80607251
AGT76769152,Renewed,11,46,POL84317936
AGT30758651,Not Renewed,29,71,POL61335300
AGT66152141,Not Renewed,39,79,POL32975893
AGT87773425,Renewed,7,88,POL37847781
AGT21183922,Renewed,40,53,POL29305592
AGT45137341,Pending,17,73,POL43533359
AGT71404529,Pending,33,4,POL94321832
AGT40778545,Not Renewed,26,26,POL97197934
AGT60460412,Not Renewed,26,28,POL87154495
AGT92383786,Not Renewed,8,76,POL12471063
AGT68333855,Pending,43,41,POL15278197
AGT70400645,Renewed,22,96,POL07509618
AGT42173074,Pending,31,60,POL82016751
AGT60201363,Not Renewed,17,69,POL87297483
AGT82068467,Not Renewed,30,58,POL93996885
AGT14822780,Pending,18,73,POL96567148
AGT04970507,Not Renewed,8,94,POL71968618
AGT13715260,Not Renewed,19,44,POL23145476
AGT25609530,Pending,28,31,POL01386021
AGT35967047,Renewed,41,9,POL23294354
AGT67804018,Not Renewed,26,23,POL33326034
AGT72187203,Not Renewed,15,32,POL94564854
AGT25865674,Pending,47,45,POL60645383
AGT66923585,Pending,4,80,POL15598942
AGT36913046,Not Renewed,8,61,POL43061696
AGT56217943,Renewed,10,37,POL29030221
AGT07591775,Pending,20,43,POL38108331
AGT19725610,Pending,49,52,POL39644432
AGT39758645,Renewed,34,61,POL89576605
AGT01972154,Renewed,12,25,POL02588835
AGT14433594,Renewed,49,64,POL64841687
AGT03739016,Not Renewed,14,55,POL42043650
AGT71928337,Pending,37,4,POL62636182
AGT86777320,Not Renewed,9,46,POL27279632
AGT60179301,Renewed,33,26,POL70823691
AGT65428722,Pending,13,91,POL96336690
AGT25320425,Pending,32,91,POL61653642
AGT91775349,Pending,4,13,POL80552860
AGT88732885,Renewed,30,21,POL59968630
AGT41624751,Pending,41,30,POL88583388
AGT92235965,Pending,44,30,POL59915049
AGT31686543,Renewed,32,70,POL17484037
AGT21785096,Not Renewed,47,82,POL84705908
AGT33716201,Not Renewed,39,32,POL89513880
AGT17326060,Not Renewed,13,60,POL97001754
AGT33379842,Renewed,21,7,POL51514265
AGT95605472,Not Renewed,0,10,POL66621880
AGT97314805,Pending,43,47,POL21697182
AGT03529932,Not Renewed,16,94,POL21259654
AGT37287894,Pending,3,6,POL08580196
AGT03550364,Renewed,35,28,POL63731012
AGT02262547,Not Renewed,48,28,POL78271323
AGT88114193,Pending,25,62,POL48926274
AGT02361245,Renewed,44,84,POL99664598
AGT90960138,Not Renewed,14,48,POL20384996
AGT41682329,Not Renewed,42,67,POL54693555
AGT22569115,Renewed,20,24,POL70838123
AGT60391195,Pending,16,4,POL68176363
AGT09529307,Pending,42,31,POL95217332
AGT96664995,Not Renewed,12,86,POL34252252
AGT24486850,Not Renewed,15,44,POL37389130
AGT10780986,Pending,40,98,POL07659221
AGT05958678,Pending,26,82,POL09607318
AGT61303725,Not Renewed,44,50,POL70067654
AGT40340103,Pending,5,9,POL16952291
AGT95083922,Pending,33,76,POL17608599
AGT60347583,Renewed,11,98,POL32615380
AGT16616199,Renewed,36,92,POL55902077
AGT86515849,Pending,19,1,POL43919084
AGT15219497,Pending,12,86,POL13714686
AGT51025245,Not Renewed,43,13,POL24379753
AGT74561168,Not Renewed,40,52,POL37273057
AGT09458153,Renewed,48,60,POL93648130
AGT99319134,Renewed,26,25,POL55835566
AGT43994510,Renewed,47,90,POL92681233
AGT09515236,Renewed,2,42,POL93664406
AGT39432830,Not Renewed,12,100,POL41653230
AGT10963377,Renewed,3,78,POL21555765
AGT11840076,Renewed,50,58,POL95423471
AGT64157525,Pending,28,83,POL11213350
AGT52696939,Renewed,37,55,POL96199552
AGT56005486,Not Renewed,5,99,POL87403086
AGT11573712,Renewed,30,87,POL89758388
AGT23025300,Renewed,42,1,POL85601999
AGT50641947,Renewed,43,24,POL50872071
AGT34553286,Renewed,5,63,POL23271527
AGT73903716,Not Renewed,32,73,POL75284988
AGT12377728,Pending,17,97,POL51039104
AGT70367372,Not Renewed,39,15,POL15247636
AGT88260581,Not Renewed,38,93,POL12056494
AGT95505249,Pending,24,99,POL21096529
AGT50943026,Renewed,45,62,POL29704529
AGT93593494,Renewed,49,5,POL22522651
AGT90078503,Renewed,44,71,POL40155736
AGT00652387,Not Renewed,10,12,POL29470118
AGT42573034,Renewed,23,38,POL87445905
AGT74040468,Pending,11,30,POL02926047
AGT44597561,Not Renewed,13,18,POL65656910
AGT92217466,Renewed,3,99,POL71504244
AGT03539544,Renewed,49,66,POL27988636
AGT45077191,Not Renewed,19,96,POL40320596
AGT36770106,Pending,18,71,POL07215641
AGT59588328,Pending,31,15,POL47838215
AGT42297949,Pending,21,74,POL10731593
AGT40756421,Renewed,23,2,POL92218615
AGT48289546,Renewed,48,80,POL37666205
AGT40479689,Not Renewed,45,62,POL69427919
AGT98548134,Pending,28,18,POL29993228
AGT00623750,Pending,46,97,POL65599191
AGT93991863,Renewed,49,22,POL77181254
AGT42981765,Renewed,44,50,POL86063737
AGT55545318,Not Renewed,14,51,POL32797362
AGT55751964,Pending,37,79,POL55669531
AGT84069946,Not Renewed,43,33,POL46471813
AGT29845520,Renewed,10,2,POL88939941
AGT59147879,Renewed,49,28,POL64074481
AGT39964352,Renewed,48,55,POL21075384
AGT98588610,Not Renewed,12,31,POL08139860
AGT97219225,Renewed,39,64,POL55647153
AGT13532913,Pending,28,25,POL28972573
AGT51942151,Pending,12,98,POL10536970
AGT69565975,Not Renewed,42,27,POL81591533
AGT56173374,Pending,16,48,POL02394133
AGT16286294,Not Renewed,3,80,POL19065185
AGT69133528,Renewed,7,65,POL00505647
AGT10728438,Pending,2,20,POL77615457
AGT76262929,Renewed,30,3,POL74071022
AGT06992279,Renewed,25,68,POL41379408
AGT74293002,Not Renewed,4,52,POL12475138
AGT99625729,Renewed,40,62,POL74496346
AGT69616013,Pending,2,49,POL04837231
AGT15200165,Renewed,12,6,POL05660651
AGT77866261,Not Renewed,35,65,POL89719894
AGT26221449,Renewed,8,35,POL96170199
AGT98838305,Renewed,24,85,POL41060251
AGT23344170,Not Renewed,34,31,POL18868459
AGT88948030,Not Renewed,32,42,POL32621380
AGT27751108,Not Renewed,39,25,POL40612562
AGT38615209,Not Renewed,34,77,POL08724015
AGT33658631,Renewed,37,15,POL50628119
AGT14439400,Renewed,44,97,POL14320642
AGT16171276,Renewed,11,68,POL76419582
AGT97696310,Not Renewed,33,10,POL41060024
AGT82948644,Renewed,11,28,POL26018976
AGT98202723,Not Renewed,5,11,POL64571358
AGT54364363,Renewed,32,98,POL48601537
AGT99813352,Pending,27,19,POL42310944
AGT95015644,Pending,49,61,POL69162371
AGT14829213,Renewed,42,20,POL01286767
AGT17058955,Renewed,24,35,POL64810571
AGT34561941,Renewed,4,1,POL89122177
AGT97763161,Renewed,5,30,POL79694527
AGT03024497,Renewed,30,65,POL69697487
AGT86962471,Pending,4,51,POL03258103
AGT32223804,Pending,30,7,POL60442059
AGT69563556,Pending,47,42,POL42381985
AGT88853601,Renewed,20,74,POL18573494
AGT84930544,Not Renewed,3,20,POL26556756
AGT79182956,Not Renewed,46,82,POL41122818
AGT37027754,Not Renewed,33,54,POL51196030
AGT58255298,Not Renewed,40,95,POL22971583
AGT13987561,Renewed,15,60,POL83860935
AGT22307952,Not Renewed,39,9,POL50249567
AGT81892637,Renewed,40,56,POL14375440
AGT88579352,Not Renewed,49,41,POL30790566
AGT04681471,Renewed,37,63,POL29207851
AGT27145927,Not Renewed,29,2,POL06264444
AGT72019617,Not Renewed,49,86,POL40546562
AGT46738422,Renewed,28,94,POL54888103
AGT03505997,Not Renewed,35,60,POL10270922
AGT15941943,Not Renewed,10,47,POL00988998
AGT67835446,Not Renewed,42,92,POL38068729
AGT47138586,Pending,4,34,POL59133003
AGT22736575,Pending,27,75,POL75460780
AGT05930239,Renewed,15,71,POL27371029
AGT86206467,Renewed,32,20,POL23926738
AGT68461915,Pending,15,82,POL70529223
AGT83095565,Not Renewed,3,33,POL37551406
AGT05443461,Renewed,47,84,POL32023528
AGT19480227,Pending,26,74,POL72160621
AGT12091525,Pending,7,50,POL06742969
AGT25854131,Renewed,23,62,POL96459344
AGT76167924,Not Renewed,29,14,POL39463277
AGT15559919,Not Renewed,19,14,POL94843890
AGT87580357,Pending,50,58,POL68032532
AGT04369785,Not Renewed,41,43,POL32652128
AGT84665111,Pending,50,46,POL96157939
AGT88828795,Not Renewed,5,1,POL44693402
AGT00195621,Pending,19,55,POL00574978
AGT00900445,Not Renewed,0,43,POL81088577
AGT16144117,Pending,21,90,POL87905050
AGT53472540,Not Renewed,15,95,POL31410779
AGT59582264,Renewed,4,96,POL68966328
AGT01391548,Pending,45,90,POL94833136
AGT66406073,Renewed,2,15,POL89072031
AGT85645743,Not Renewed,42,95,POL27953445
AGT27568603,Pending,39,59,POL55696704
AGT00615369,Pending,27,26,POL65580473
AGT54025424,Renewed,13,84,POL94995920
AGT04892962,Not Renewed,44,23,POL61860863
AGT76409795,Not Renewed,32,90,POL76497051
AGT38503130,Not Renewed,13,37,POL43899916
AGT71464436,Not Renewed,0,67,POL07269775
AGT45682596,Not Renewed,50,72,POL28055319
AGT87648672,Pending,34,29,POL88351498
AGT17681629,Pending,38,8,POL06589548
AGT02142510,Renewed,10,96,POL62975381
AGT31652849,Renewed,6,45,POL50109489
AGT56250166,Renewed,23,55,POL25608418
AGT31869423,Renewed,26,72,POL99316807
AGT92373562,Renewed,22,57,POL92010461
AGT71602352,Pending,12,37,POL50049784
AGT12532908,Pending,45,5,POL33870558
AGT11760013,Renewed,18,67,POL43491977
AGT27774618,Pending,44,60,POL04292509
AGT80450529,Pending,1,51,POL46854122
AGT93060680,Pending,36,27,POL72720820
AGT69258831,Not Renewed,3,80,POL35635488
AGT79442434,Pending,31,72,POL07837542
AGT92826777,Renewed,27,69,POL36469659
AGT77173574,Renewed,8,70,POL34373487
AGT07210536,Not Renewed,20,17,POL68508137
AGT77634289,Pending,37,84,POL02435283
AGT13962658,Not Renewed,47,55,POL90026069
AGT30744195,Pending,19,96,POL73247469
AGT88140992,Renewed,9,72,POL12707693
AGT72317886,Renewed,20,26,POL31865352
AGT41282312,Renewed,2,34,POL43817285
AGT30488588,Renewed,49,13,POL31617311
AGT60855997,Renewed,11,56,POL58266398
AGT59089359,Pending,5,56,POL94555399
AGT66703675,Not Renewed,33,14,POL65809589
AGT46597184,Pending,44,36,POL09199923
AGT00003298,Not Renewed,24,71,POL18831547
AGT65390322,Not Renewed,6,97,POL51866369
AGT79303755,Not Renewed,9,66,POL08325136
AGT85094742,Renewed,14,87,POL66239036
AGT52585127,Renewed,14,29,POL76924114
AGT27371721,Not Renewed,40,21,POL28023746
AGT66430440,Pending,16,53,POL97255988
AGT46245679,Pending,48,14,POL52716316
AGT05520638,Renewed,2,89,POL35246702
AGT06492320,Pending,4,39,POL83014329
AGT30079164,Not Renewed,9,64,POL43969785
AGT69498005,Pending,29,8,POL80109772
AGT76007877,Renewed,8,44,POL51034988
AGT30032184,Not Renewed,28,11,POL33977553
AGT01402262,Pending,35,44,POL32232315
AGT38241324,Renewed,31,44,POL88297465
AGT99970864,Renewed,30,50,POL65886871
AGT95533645,Pending,33,92,POL29130191
AGT12626190,Not Renewed,10,62,POL32660341
AGT73151407,Not Renewed,47,78,POL62023748
AGT51769763,Pending,9,89,POL78823556
AGT43689014,Renewed,48,4,POL55433362
AGT72997208,Pending,1,46,POL55190286
AGT08175954,Pending,20,38,POL44326317
AGT27380971,Renewed,13,31,POL79056359
AGT22685441,Not Renewed,29,5,POL92452713
AGT62629870,Renewed,48,99,POL20995178
AGT54222009,Not Renewed,16,95,POL64918904
AGT47736672,Pending,17,21,POL32870839
AGT55004267,Not Renewed,35,63,POL69068296
AGT73491876,Renewed,16,99,POL02135701
AGT72375315,Renewed,6,41,POL99383000
AGT84990958,Pending,1,20,POL81927332
AGT46756656,Not Renewed,19,58,POL81678751
AGT61101687,Not Renewed,42,24,POL54732626
AGT07083868,Pending,48,29,POL63222732
AGT97747333,Renewed,20,54,POL87674982
AGT11883876,Renewed,42,8,POL02376824
AGT69925939,Not Renewed,16,94,POL90422168
AGT72237364,Renewed,17,23,POL90242414
AGT97882436,Pending,48,44,POL16838069
AGT38741728,Not Renewed,44,39,POL96011634
AGT11878193,Not Renewed,9,37,POL68446271
AGT03161643,Renewed,24,61,POL03389075
AGT34232602,Renewed,4,18,POL27980219
AGT89816035,Not Renewed,35,71,POL32547162
AGT40501337,Renewed,33,57,POL05625856
AGT13739011,Not Renewed,22,21,POL66769688
AGT86758480,Not Renewed,7,1,POL04791479
AGT74943599,Renewed,24,84,POL73394070
AGT95364380,Not Renewed,0,37,POL03688805
AGT20292935,Pending,45,35,POL45324469
AGT08923567,Renewed,26,21,POL61430954
AGT26555591,Pending,22,18,POL83051800
AGT66971892,Not Renewed,21,42,POL55660947
AGT40497648,Pending,46,53,POL03500501
AGT94482498,Renewed,28,60,POL96527583
AGT37213701,Renewed,6,99,POL53072470
AGT62507987,Pending,18,13,POL83180602
AGT60238438,Pending,43,94,POL98697477
AGT20764077,Not Renewed,0,13,POL08242305
AGT96296236,Renewed,47,23,POL04929943
AGT41912334,Pending,21,88,POL20158897
AGT04112463,Pending,28,28,POL35206157
AGT91779921,Pending,26,68,POL12389694
AGT72510529,Not Renewed,9,35,POL22879421
AGT70749147,Pending,36,34,POL13079535
AGT32388350,Pending,29,85,POL88358873
AGT90963317,Renewed,40,81,POL84960859
AGT61874125,Pending,0,36,POL20769779
AGT98068227,Not Renewed,28,63,POL71198375
AGT62470289,Pending,9,49,POL26355059
AGT29471451,Renewed,18,60,POL51258624
AGT22551056,Not Renewed,2,38,POL67611471
AGT65968945,Pending,37,33,POL87122586
AGT70132967,Renewed,3,99,POL88929117
AGT94830688,Renewed,42,59,POL86890782
AGT13344905,Renewed,28,68,POL25662324
AGT41091244,Pending,10,92,POL78735988
AGT37963681,Not Renewed,46,27,POL35313589
AGT67184405,Not Renewed,46,96,POL87523514
AGT83565783,Pending,32,59,POL05159511
AGT00602764,Not Renewed,37,33,POL94744561
AGT40395700,Not Renewed,11,10,POL62805195
AGT34466724,Not Renewed,4,32,POL92268094
AGT00737075,Pending,15,95,POL32398329
AGT47730219,Not Renewed,1,52,POL38398875
AGT70718506,Not Renewed,21,54,POL13591287
AGT86813500,Renewed,8,67,POL38734487
AGT91526876,Pending,18,44,POL12885536
AGT06787341,Renewed,23,60,POL05706478
AGT86052504,Renewed,6,83,POL74477795
AGT24032538,Renewed,17,47,POL01538534
AGT73179312,Not Renewed,17,9,POL47766482
AGT71295835,Renewed,30,60,POL52508066
AGT30715363,Renewed,19,69,POL50064948
AGT40986483,Pending,15,72,POL64331306
AGT89724743,Not Renewed,2,98,POL87933513
AGT81507245,Pending,6,75,POL26384700
AGT50734396,Not Renewed,26,29,POL92024159
AGT81512530,Not Renewed,24,7,POL09869400
AGT87394247,Pending,12,73,POL79617161
AGT54372542,Not Renewed,11,9,POL57718786
AGT27477126,Renewed,47,3,POL87258705
AGT77520533,Renewed,14,34,POL88392723
AGT35815082,Renewed,16,42,POL29239310
AGT60511556,Pending,14,91,POL93108727
AGT21544281,Renewed,2,41,POL98453237
AGT74901931,Not Renewed,13,60,POL77268137
AGT06147553,Not Renewed,20,9,POL10292870
AGT54660984,Pending,30,98,POL12826359
AGT47331302,Pending,48,2,POL20325916
AGT21597804,Not Renewed,10,3,POL73952203
AGT10321048,Not Renewed,17,17,POL48606584
AGT04826188,Renewed,3,22,POL53051476
AGT88552113,Renewed,36,100,POL86921629
AGT59464558,Renewed,46,63,POL76080858
AGT58732933,Renewed,7,43,POL14019439
AGT57885936,Renewed,32,17,POL30688000
AGT46463956,Pending,29,33,POL63085771
AGT58378101,Renewed,8,76,POL91208117
AGT95251958,Pending,33,43,POL77974715
AGT66603712,Pending,41,81,POL74225904
AGT09336743,Not Renewed,26,3,POL50294961
AGT91508577,Pending,50,21,POL12558722
AGT42195198,Not Renewed,20,22,POL24029691
AGT96387756,Not Renewed,50,93,POL45060689
AGT91026202,Renewed,46,9,POL44856684
AGT28550877,Renewed,9,73,POL43615324
AGT18338674,Renewed,14,24,POL10208981
AGT04366917,Renewed,1,21,POL00380860
AGT67446533,Not Renewed,4,53,POL37533829
AGT69399540,Renewed,2,94,POL09975061
AGT41909369,Pending,44,84,POL75133618
AGT20011845,Not Renewed,26,15,POL11470668
AGT59156596,Pending,16,53,POL98975002
AGT14510456,Not Renewed,16,31,POL08392852
AGT75039905,Not Renewed,14,25,POL09390236
AGT94127466,Pending,27,68,POL12087237
AGT59926603,Renewed,32,45,POL16045417
AGT08756029,Pending,31,46,POL43090957
AGT74327826,Pending,22,90,POL76509626
AGT46027126,Pending,6,14,POL56816582
AGT96266695,Pending,48,30,POL06918749
AGT43733906,Pending,18,37,POL40620647
AGT50946500,Renewed,42,31,POL82003427
AGT24073449,Pending,20,86,POL02103764
AGT22354139,Not Renewed,28,100,POL73302460
AGT24845974,Pending,29,73,POL36259700
AGT81983266,Not Renewed,15,87,POL61913458
AGT15560664,Renewed,13,83,POL80932118
AGT42600032,Pending,0,41,POL12700129
AGT82523171,Not Renewed,38,87,POL18021070
AGT92184002,Pending,49,84,POL02405593
AGT65829451,Not Renewed,33,34,POL15567639
AGT23203089,Not Renewed,12,78,POL67846790
AGT85009986,Pending,45,7,POL37350059
AGT62837540,Renewed,41,68,POL82338857
AGT35936067,Pending,7,52,POL13670918
AGT78282328,Renewed,30,22,POL56063267
AGT07195389,Pending,7,62,POL44368624
AGT47971931,Not Renewed,23,12,POL02047114
AGT29942457,Pending,20,52,POL75081520
AGT71671591,Pending,17,78,POL45182158
AGT40339464,Renewed,34,10,POL50099594
AGT03162047,Not Renewed,44,22,POL96765669
AGT55465624,Pending,11,30,POL64668667
AGT61378520,Not Renewed,38,83,POL35373090
AGT17511392,Pending,48,25,POL53589425
AGT99517469,Renewed,34,60,POL86998122
AGT40976439,Not Renewed,39,7,POL90865512
AGT19644076,Renewed,29,43,POL72509442
AGT13212375,Pending,3,85,POL02314695
AGT32548798,Renewed,36,76,POL80250763
AGT37442272,Not Renewed,30,82,POL60992687
AGT38600353,Pending,28,97,POL69557850
AGT16288768,Renewed,34,95,POL19053430
AGT56931418,Renewed,6,46,POL54750482
AGT90914747,Not Renewed,23,84,POL21071314
AGT19978799,Pending,32,91,POL35328184
AGT26665589,Not Renewed,43,64,POL54335250
AGT82384285,Pending,26,51,POL90564475
AGT14497481,Renewed,49,70,POL92223951
AGT91783771,Renewed,47,52,POL38583909
AGT56558569,Renewed,19,62,POL70199824
AGT88267068,Renewed,46,63,POL54562646
AGT67481128,Pending,23,93,POL04500233
AGT45789184,Not Renewed,29,96,POL39602828
AGT34752050,Pending,21,86,POL41295564
AGT47983423,Not Renewed,41,50,POL26280970
AGT06581034,Pending,11,29,POL29164247
AGT06949855,Pending,11,53,POL72582020
AGT37420361,Pending,49,73,POL42881568
AGT85459485,Renewed,12,26,POL91869303
AGT31494760,Renewed,19,38,POL28303741
AGT53351162,Renewed,14,66,POL77829667
AGT84856862,Renewed,0,97,POL48994632
AGT07724446,Renewed,28,95,POL83788113
AGT80152734,Pending,36,100,POL26187162
AGT56265890,Renewed,14,25,POL85357404
AGT41758995,Pending,23,36,POL84091621
AGT12415191,Pending,27,27,POL17820094
AGT15727036,Renewed,44,100,POL57053022
AGT43639444,Renewed,24,67,POL43650068
AGT18440997,Not Renewed,12,72,POL58297595
AGT31189537,Pending,28,36,POL77901468
AGT08607132,Renewed,39,16,POL70096611
AGT97641704,Not Renewed,26,38,POL40777572
AGT12966995,Pending,47,84,POL25507617
AGT39576454,Pending,32,78,POL03990592
AGT78344871,Not Renewed,28,10,POL94885800
AGT24077019,Not Renewed,17,100,POL11319886
AGT66504484,Renewed,0,43,POL68905887
AGT85203126,Renewed,24,66,POL71885722
AGT18286289,Not Renewed,24,22,POL88263060
AGT99817665,Renewed,5,51,POL62759282
AGT90900168,Pending,36,62,POL28137827
AGT64216177,Pending,13,15,POL70490457
AGT03019617,Not Renewed,42,75,POL43307974
AGT22546347,Not Renewed,9,26,POL07189960
AGT99240952,Not Renewed,42,47,POL39146398
AGT96982444,Pending,29,53,POL18638801
AGT25773647,Renewed,41,22,POL72689625
AGT70495038,Renewed,50,23,POL84725350
AGT01081441,Renewed,28,42,POL03499634
AGT13074375,Pending,5,15,POL17851408
AGT41476707,Pending,5,91,POL77005390
AGT76304075,Pending,29,92,POL61605343
AGT36127649,Renewed,38,64,POL29802186
AGT57352286,Renewed,48,7,POL45349896
AGT58216117,Pending,4,79,POL48346440
AGT35840933,Renewed,15,33,POL01090154
AGT42927511,Not Renewed,40,100,POL82137065
AGT00894859,Renewed,12,72,POL05710643
AGT11665603,Not Renewed,32,60,POL21394556
AGT44656885,Not Renewed,37,29,POL45259795
AGT67831742,Renewed,3,47,POL07078838
AGT76378966,Not Renewed,0,71,POL29504674
AGT28432111,Pending,33,49,POL27444083
AGT25486533,Renewed,32,55,POL93415185
AGT30710692,Renewed,31,13,POL05606987
AGT36199698,Not Renewed,15,100,POL17258219
AGT63282245,Not Renewed,30,46,POL81559306
AGT49302379,Renewed,26,60,POL84309166
AGT04781804,Renewed,14,57,POL76387090
AGT15935260,Renewed,16,57,POL59492840
AGT28522757,Pending,9,30,POL59507009
AGT81057074,Renewed,26,28,POL22606184
AGT83803513,Pending,43,86,POL36583919
AGT13858503,Pending,43,16,POL88765284
AGT87108404,Renewed,40,82,POL55061898
AGT86170981,Pending,17,78,POL38220056
AGT41406081,Not Renewed,12,58,POL97128772
AGT69831645,Not Renewed,21,5,POL21105419
AGT60999446,Not Renewed,12,34,POL98344452
AGT78435007,Renewed,45,26,POL81202373
AGT99727041,Renewed,40,81,POL50033315
AGT96614978,Pending,46,27,POL71852289
AGT58013889,Not Renewed,14,44,POL63230640
AGT38121007,Pending,22,98,POL22280600
AGT80735826,Pending,50,11,POL82615987
AGT04610764,Not Renewed,41,81,POL13831480
AGT08570809,Pending,39,5,POL42604699
AGT07063515,Renewed,44,31,POL42477290
AGT74421925,Pending,38,91,POL56451530
AGT62619985,Renewed,12,73,POL94687907
AGT79843902,Renewed,50,77,POL13287986
AGT29866001,Pending,32,43,POL47707892
AGT53273603,Not Renewed,40,62,POL23175808
AGT78671226,Renewed,34,22,POL69533983
AGT81543880,Pending,30,25,POL41871042
AGT55272574,Renewed,21,38,POL58901437
AGT82628941,Renewed,10,97,POL15832827
AGT02342985,Pending,44,79,POL98885285
AGT01615923,Renewed,1,3,POL75752645
AGT22956727,Renewed,22,86,POL66984423
AGT68610776,Not Renewed,19,56,POL95029087
AGT98366859,Pending,44,55,POL33528645
AGT75902946,Not Renewed,0,41,POL68879274
AGT91286656,Pending,15,73,POL66757828
AGT24310388,Renewed,36,95,POL14873670
AGT36934710,Renewed,16,28,POL91903305
AGT65275310,Renewed,0,35,POL81452413
AGT89666057,Not Renewed,5,69,POL77471080
AGT24643313,Not Renewed,42,91,POL55161167
AGT38188547,Pending,46,78,POL32721241
AGT04928961,Not Renewed,31,78,POL58798776
AGT17357225,Pending,46,98,POL82130427
AGT82896097,Pending,47,54,POL18274117
AGT05081505,Renewed,5,64,POL55586584
AGT61072985,Renewed,36,90,POL57527902
AGT66614535,Renewed,2,34,POL89135747
AGT17251552,Not Renewed,20,5,POL68469433
AGT16108986,Not Renewed,13,14,POL14708909
AGT31090730,Pending,49,81,POL44473237
AGT27341719,Not Renewed,50,85,POL36097059
AGT63066371,Renewed,40,55,POL13811589
AGT22166334,Pending,42,27,POL03870309
AGT59892489,Not Renewed,32,73,POL03461173
AGT76056841,Renewed,0,86,POL30800309
AGT21890727,Renewed,31,23,POL04460141
AGT05147404,Pending,45,44,POL70638902
AGT35974620,Renewed,5,80,POL81437012
AGT77173486,Renewed,13,83,POL75780288
AGT70236364,Renewed,39,25,POL04195988
AGT59220191,Renewed,13,69,POL23232364
AGT29358915,Renewed,27,26,POL74637013
AGT09938306,Pending,1,88,POL52466157
AGT82639238,Not Renewed,0,4,POL04525744
AGT72731403,Renewed,18,39,POL66023892
AGT17757472,Renewed,37,64,POL12886983
AGT31556495,Not Renewed,35,40,POL18969442
AGT05042106,Renewed,44,25,POL83650350
AGT56388227,Not Renewed,43,23,POL97163250
AGT13622499,Pending,42,12,POL97850012
AGT14500504,Not Renewed,2,62,POL21436071
AGT99928934,Pending,29,35,POL38790391
AGT22335813,Renewed,13,88,POL36578852
AGT17995842,Pending,23,27,POL20281612
AGT98961809,Pending,8,67,POL59899170
AGT11336307,Renewed,32,67,POL21557513
AGT42820043,Pending,13,66,POL89939976
AGT46106549,Not Renewed,20,58,POL07785199
AGT88301319,Renewed,14,49,POL58783069
AGT44838621,Pending,41,3,POL95768809
AGT34591838,Renewed,50,86,POL32079740
AGT25546644,Not Renewed,8,19,POL52344569
AGT73106933,Not Renewed,0,19,POL63017229
AGT84545618,Not Renewed,45,96,POL88647419
AGT81177617,Pending,23,7,POL19976069
AGT53589146,Not Renewed,13,26,POL24210075
AGT69121880,Not Renewed,26,60,POL25694425
AGT68486071,Renewed,48,9,POL97456279
AGT10073547,Renewed,29,35,POL68532142
AGT79344890,Pending,1,79,POL71765111
AGT58624937,Not Renewed,19,14,POL54561530
AGT79686245,Not Renewed,20,55,POL52707318
AGT59028521,Pending,15,100,POL52383716
AGT76663931,Not Renewed,47,72,POL93504222
AGT11636752,Not Renewed,17,10,POL39639859
AGT51803025,Pending,41,77,POL93209384
AGT70883139,Pending,4,17,POL86946793
AGT05363282,Pending,27,64,POL40667253
AGT98949803,Renewed,38,66,POL45842876
AGT64248444,Pending,10,47,POL69578293
AGT50795133,Not Renewed,48,61,POL40483314
AGT19950985,Not Renewed,36,9,POL60335753
AGT37076273,Pending,36,70,POL90100383
AGT85098676,Renewed,32,44,POL99808089
AGT36826209,Not Renewed,49,68,POL46460942
AGT60884319,Pending,25,63,POL63439011
AGT67900950,Renewed,44,25,POL29503998
AGT75922960,Renewed,0,76,POL53010731
AGT02565863,Pending,1,43,POL59178536
AGT49494604,Not Renewed,37,1,POL38416700
AGT41546316,Not Renewed,24,17,POL88672866
AGT80948686,Renewed,42,18,POL21161337
AGT31201359,Pending,28,89,POL64245867
AGT58428300,Not Renewed,15,10,POL22162508
AGT48907897,Not Renewed,13,74,POL83964879
AGT53047258,Renewed,19,5,POL31761126
AGT46222850,Not Renewed,17,82,POL98213594
AGT16372609,Pending,18,20,POL77321123
AGT31409089,Not Renewed,2,43,POL79722953
AGT91268209,Not Renewed,44,13,POL58294071
AGT16448584,Not Renewed,32,78,POL82089087
AGT67339857,Pending,35,55,POL64383103
AGT10545918,Pending,23,42,POL51544429
AGT43036261,Renewed,14,35,POL53203220
AGT37747852,Pending,48,54,POL80929677
AGT92831988,Renewed,8,18,POL95434233
AGT30398409,Not Renewed,50,76,POL14385172
AGT25507193,Renewed,3,81,POL30868799
AGT01124773,Not Renewed,11,59,POL09338514
AGT54739971,Not Renewed,23,12,POL40541993
AGT33679874,Pending,31,40,POL36885391
AGT97847832,Renewed,4,17,POL86478823
AGT99666414,Not Renewed,47,96,POL99023082
AGT16552199,Not Renewed,32,34,POL18101915
AGT55565806,Pending,39,1,POL48959866
AGT11035028,Not Renewed,42,55,POL02489128
AGT50779503,Not Renewed,7,23,POL64086319
AGT93543140,Pending,0,31,POL47639612
AGT95443410,Not Renewed,7,22,POL97525814
AGT63819582,Renewed,6,40,POL86299537
AGT33248768,Pending,28,90,POL39660351
AGT16210818,Renewed,43,3,POL88709617
AGT02808371,Not Renewed,42,28,POL61884063
AGT88466514,Renewed,32,53,POL47175698
AGT04832997,Pending,21,45,POL51999477
AGT68636253,Not Renewed,5,57,POL51831970
AGT05886635,Not Renewed,14,38,POL87238187
AGT83936188,Not Renewed,20,85,POL30316596
AGT88720238,Renewed,48,11,POL18133239
AGT11498112,Renewed,30,83,POL68113018
AGT81084838,Renewed,28,83,POL79185105
AGT70599264,Not Renewed,0,3,POL55617113
AGT31748731,Pending,48,26,POL91815517
AGT50884904,Pending,37,61,POL08018739
AGT28537903,Pending,43,83,POL89376913
AGT72034767,Not Renewed,24,51,POL02819020
AGT81888204,Not Renewed,15,84,POL09010208
AGT38128215,Renewed,18,58,POL69636143
AGT54608455,Renewed,48,89,POL87207136
AGT84316934,Renewed,46,28,POL53130917
AGT70974136,Renewed,33,64,POL50111095
AGT56915520,Pending,12,79,POL24070236
AGT24245670,Pending,28,48,POL32625291
AGT16090693,Not Renewed,14,49,POL99495408
AGT67088447,Pending,1,100,POL87981316
AGT49729745,Not Renewed,0,97,POL67118908
AGT83226741,Not Renewed,17,85,POL23603808
AGT25721421,Renewed,35,99,POL80888212
AGT34150837,Not Renewed,16,59,POL11227831
AGT28367365,Not Renewed,30,92,POL55589679
AGT47488450,Pending,1,97,POL46015732
AGT12305290,Pending,27,69,POL62168693
AGT63980850,Not Renewed,34,54,POL37538645
AGT13663423,Not Renewed,13,18,POL53957372
AGT44161730,Renewed,5,14,POL82812319
AGT57452288,Renewed,3,27,POL44850934
AGT28823749,Pending,30,95,POL10454872
AGT57590936,Pending,42,38,POL59950728
AGT03745390,Renewed,15,8,POL01681251
AGT78645730,Pending,32,44,POL39664673
AGT70022785,Pending,0,11,POL94203944
AGT56208300,Pending,31,48,POL94561811
AGT82732156,Renewed,25,79,POL87125515
AGT77171182,Not Renewed,25,41,POL21231800
AGT67733182,Pending,41,75,POL18884095
AGT77339065,Renewed,49,67,POL23499238
AGT33079315,Not Renewed,11,81,POL83680669
AGT73354406,Pending,12,65,POL97474248
AGT23317880,Renewed,28,94,POL11826796
AGT73172380,Pending,41,14,POL68612732
AGT16848090,Pending,8,74,POL13303189
AGT62818459,Not Renewed,39,56,POL72695322
AGT72161424,Renewed,47,61,POL82064166
AGT55253577,Not Renewed,38,11,POL07078939
AGT15348364,Renewed,33,16,POL67550492
AGT00846613,Renewed,43,41,POL56896530
AGT59754031,Renewed,10,54,POL54740546
AGT16271239,Pending,38,23,POL56481027
AGT62576372,Renewed,15,78,POL61919833
AGT98324801,Pending,47,25,POL43653022
AGT15134592,Pending,44,11,POL23986344
AGT74683442,Renewed,6,50,POL82077399
AGT56306423,Not Renewed,44,25,POL56971563
AGT23354628,Not Renewed,20,13,POL56130497
AGT76732632,Not Renewed,33,38,POL87412754
AGT84626024,Pending,42,49,POL09115909
AGT72217682,Not Renewed,9,73,POL42545134
AGT93664610,Not Renewed,8,48,POL65612264
AGT29305022,Pending,22,83,POL69394395
AGT73875973,Not Renewed,10,68,POL79844892
AGT17349029,Not Renewed,47,35,POL98891714
AGT53690822,Not Renewed,23,86,POL58597674
AGT66411959,Renewed,26,21,POL06923773
AGT22875434,Renewed,10,28,POL95980834
AGT74142340,Not Renewed,24,88,POL37180601
AGT88998311,Pending,26,39,POL17832980
AGT83369289,Renewed,7,20,POL92982957
AGT18112518,Not Renewed,46,30,POL50332022
AGT04686938,Renewed,41,49,POL09568484
AGT96774455,Pending,1,14,POL69314251
AGT49499599,Pending,42,73,POL22897699
AGT61476833,Pending,22,23,POL97235049
AGT10224939,Not Renewed,3,68,POL72712836
AGT64214286,Not Renewed,11,13,POL29793351
AGT22286980,Renewed,29,7,POL59534833
AGT13351678,Pending,2,55,POL26506395
AGT52787099,Not Renewed,45,46,POL44670716
AGT52618182,Renewed,48,21,POL28535341
AGT79505197,Renewed,15,75,POL93243728
AGT29168320,Renewed,12,71,POL80450492
AGT30431698,Not Renewed,40,56,POL61660074
AGT28149702,Renewed,34,6,POL78989397
AGT32065514,Renewed,3,47,POL15877374
AGT51616778,Not Renewed,42,32,POL39030203
AGT79093635,Pending,46,2,POL72182223
AGT39053400,Pending,16,96,POL58356690
AGT63488969,Renewed,12,97,POL39195359
AGT37827864,Renewed,24,100,POL93924279
AGT46168866,Renewed,3,41,POL47426160
AGT09283076,Renewed,28,91,POL48558691
AGT13434028,Pending,33,42,POL22221207
AGT36681223,Pending,49,15,POL93708978
AGT51075587,Pending,29,5,POL66737729
AGT89499498,Pending,50,63,POL69605130
AGT64000870,Renewed,43,5,POL47419656
AGT12761035,Renewed,5,12,POL84907131
AGT68204986,Renewed,21,46,POL87848287
AGT06507709,Pending,7,74,POL12552463
AGT55112629,Renewed,7,91,POL67293726
AGT68517881,Renewed,36,8,POL95451699
AGT59960997,Pending,13,6,POL93135284
AGT57557835,Renewed,42,82,POL43339997
AGT08453099,Renewed,35,64,POL09811937
AGT47482676,Renewed,4,66,POL64216260
AGT87491266,Pending,48,72,POL76155355
AGT35321495,Not Renewed,25,80,POL81895128
AGT96781589,Renewed,46,72,POL12299324
AGT40622605,Not Renewed,35,53,POL73788724
AGT31710463,Pending,45,97,POL45017081
AGT19781109,Renewed,23,37,POL27691978
AGT98806102,Renewed,42,6,POL09102792
AGT78658863,Pending,26,20,POL74740983
AGT27402997,Pending,44,67,POL69973206
AGT36772968,Pending,33,47,POL18306800
AGT54854388,Pending,7,30,POL00975705
AGT01799905,Not Renewed,45,99,POL32457867
AGT37175568,Pending,6,19,POL97881678
AGT70880476,Not Renewed,10,17,POL03749104
AGT03676549,Not Renewed,42,14,POL28241655
AGT56311202,Pending,31,37,POL04677379
AGT75478474,Pending,40,82,POL75734958
AGT00732518,Renewed,31,14,POL00342489
AGT50333659,Renewed,21,83,POL83180478
AGT40833807,Renewed,47,96,POL57458461
AGT87203987,Not Renewed,16,75,POL17909247
AGT27831885,Renewed,48,87,POL88784690
AGT68420407,Pending,33,85,POL61092074
AGT50695909,Pending,28,6,POL98348493
AGT12079082,Renewed,44,6,POL06694262
AGT11323962,Not Renewed,41,64,POL96349249
AGT35911915,Renewed,24,98,POL64861426
AGT90303770,Renewed,40,45,POL66890932
AGT61452008,Pending,36,23,POL45464531
AGT17662524,Pending,19,46,POL83383036
AGT40479401,Not Renewed,42,33,POL87496744
AGT28330328,Pending,23,43,POL29750466
AGT85168810,Not Renewed,50,33,POL11880653
AGT89448506,Pending,29,80,POL45382864
AGT10701220,Not Renewed,7,10,POL93324177
AGT78415108,Pending,13,39,POL50843998
AGT44367318,Pending,17,10,POL28224422
AGT73794749,Pending,11,9,POL12841734
AGT46290664,Not Renewed,30,17,POL57704602
AGT88069120,Renewed,34,77,POL52356256
AGT08032236,Pending,30,50,POL90687071
AGT01320906,Not Renewed,27,69,POL09030327
AGT78280960,Not Renewed,23,25,POL70352062
AGT85934934,Pending,11,38,POL43572641
AGT20291484,Renewed,49,27,POL52576258
AGT36836569,Not Renewed,40,92,POL59071876
AGT49997921,Renewed,9,61,POL43904210
AGT23813965,Not Renewed,1,93,POL94939056
AGT10677110,Not Renewed,26,4,POL71095594
AGT22586139,Renewed,48,62,POL89441443
AGT51687993,Renewed,11,90,POL53518274
AGT54763620,Not Renewed,15,23,POL05847993
AGT64658866,Pending,16,90,POL52535973
AGT95491553,Pending,27,92,POL36624430
AGT98865900,Not Renewed,38,69,POL03623063
AGT82097107,Not Renewed,4,5,POL69712640
AGT85153287,Not Renewed,43,39,POL86586795
AGT14642405,Not Renewed,42,11,POL23605802
AGT90702411,Pending,14,69,POL72902683
AGT25246522,Pending,18,59,POL53556659
AGT13128208,Renewed,6,64,POL56653003
AGT08011610,Renewed,16,25,POL08764986
AGT94028603,Not Renewed,42,52,POL25524623
AGT09556558,Renewed,35,71,POL55063562
AGT93455905,Not Renewed,44,60,POL95639712
AGT13720315,Pending,28,30,POL78604269
AGT22993154,Renewed,41,4,POL86315703
AGT05238118,Not Renewed,10,8,POL14750217
AGT88757034,Pending,26,28,POL53367790
AGT24763384,Renewed,23,30,POL25611191
AGT81528278,Renewed,8,30,POL56612277
AGT37269868,Renewed,24,24,POL99341236
AGT49232622,Pending,12,96,POL08364354
AGT31123544,Pending,35,25,POL65713464
AGT32625375,Pending,11,88,POL40012208
AGT18460094,Renewed,42,1,POL77562289
AGT05643641,Renewed,25,55,POL53804570
AGT42497193,Not Renewed,7,66,POL17250525
AGT44240902,Not Renewed,9,26,POL68885255
AGT26179702,Not Renewed,3,68,POL32979560
AGT15149852,Pending,25,63,POL03838878
AGT21516641,Pending,41,28,POL27741875
AGT02632074,Pending,11,50,POL00776305
AGT15415249,Pending,20,23,POL35534292
AGT48883704,Renewed,13,35,POL31127949
AGT46012241,Pending,37,91,POL33770803
AGT30854390,Pending,41,54,POL08589309
AGT99509442,Not Renewed,7,87,POL60009654
AGT05147598,Pending,18,70,POL28256709
AGT90595229,Renewed,50,61,POL45378265
AGT50747021,Pending,2,9,POL70277568
AGT74649784,Pending,5,86,POL24185779
AGT44285253,Renewed,40,60,POL06543318
AGT99249334,Pending,0,10,POL68885619
AGT61282837,Pending,24,31,POL23114064
AGT36965914,Renewed,10,56,POL54051658
AGT78603918,Not Renewed,7,71,POL59329261
AGT55714499,Not Renewed,15,33,POL49945378
AGT96059140,Pending,8,6,POL84542810
AGT42625674,Not Renewed,28,47,POL66631189
AGT14578675,Pending,38,25,POL19746644
AGT15910222,Not Renewed,24,34,POL69316836
AGT67387804,Pending,28,48,POL95251783
AGT65982386,Not Renewed,44,14,POL64932236
AGT43261969,Renewed,17,57,POL57724014
AGT13473361,Not Renewed,41,23,POL37710630
AGT24976411,Not Renewed,49,22,POL62169873
AGT80340146,Renewed,19,89,POL95326340
AGT22706788,Not Renewed,33,18,POL96200610
AGT80986174,Not Renewed,43,11,POL69091266
AGT08952595,Not Renewed,31,55,POL39502034
AGT48993931,Renewed,29,79,POL80129143
AGT42420443,Renewed,19,1,POL37652928
AGT11151247,Not Renewed,23,85,POL74543161
AGT39152458,Renewed,28,49,POL23203391
AGT33337319,Pending,21,92,POL85094282
AGT85911755,Renewed,31,64,POL92087266
AGT87167859,Pending,30,84,POL83011095
AGT48667506,Renewed,46,5,POL20316917
AGT40788452,Pending,24,80,POL13297022
AGT49680007,Not Renewed,33,36,POL30201413
AGT68563634,Renewed,28,3,POL42258270
AGT83052866,Pending,19,43,POL74649715
AGT76620029,Pending,19,57,POL01511689
AGT50673921,Not Renewed,22,62,POL41959725
AGT41035220,Renewed,27,50,POL85739071
AGT10255093,Pending,10,42,POL47004965
AGT77619097,Renewed,20,49,POL96268176
AGT69733539,Not Renewed,16,83,POL12757089
AGT00446452,Pending,4,57,POL80116968
AGT03733743,Not Renewed,3,49,POL17568774
AGT28402315,Renewed,11,56,POL08723809
AGT20148449,Renewed,47,2,POL51841812
AGT16469757,Not Renewed,20,21,POL12590644
AGT46362959,Pending,10,98,POL01887189
AGT13812725,Renewed,19,37,POL54775068
AGT25590465,Renewed,7,69,POL60169232
AGT81662852,Renewed,2,45,POL07151220
AGT70280391,Not Renewed,16,16,POL62014398
AGT28038355,Not Renewed,49,80,POL57302291
AGT21525859,Pending,4,48,POL37984352
AGT51984256,Renewed,35,66,POL65018998
AGT47248181,Pending,10,95,POL26967918
AGT17458388,Not Renewed,30,20,POL66684348
AGT91677495,Pending,3,56,POL85531608
AGT84700186,Pending,47,20,POL63456798
AGT75518583,Renewed,20,67,POL78322093
AGT96109409,Renewed,43,39,POL59742494
AGT93433293,Pending,1,2,POL12263896
AGT75465448,Not Renewed,8,91,POL11968041
AGT45828680,Not Renewed,22,69,POL72766518
AGT50193369,Renewed,10,88,POL41445459
AGT60343012,Renewed,29,63,POL78043056
AGT96459883,Not Renewed,17,100,POL44986450
AGT96944558,Pending,5,23,POL70827381
AGT90898541,Pending,22,24,POL70755338
AGT02503852,Not Renewed,6,52,POL47233053
AGT72204015,Not Renewed,10,53,POL83630860
AGT43198151,Not Renewed,5,8,POL81894968
AGT30790056,Pending,29,81,POL68033681
AGT54555818,Pending,27,9,POL30677627
AGT96341079,Not Renewed,36,9,POL14781739
AGT37376545,Not Renewed,47,92,POL55461982
AGT93349942,Renewed,47,90,POL79741032
AGT72553495,Renewed,30,50,POL40767941
AGT92016021,Not Renewed,20,30,POL82791377
AGT58426448,Not Renewed,20,64,POL92554032
AGT94212633,Pending,26,30,POL83187553
AGT76412356,Renewed,33,71,POL78615644
AGT23704416,Not Renewed,10,28,POL95788557
AGT13677638,Not Renewed,43,12,POL88593927
AGT44687181,Renewed,24,56,POL71227580
AGT74886238,Renewed,50,3,POL07094060
AGT54033222,Pending,24,57,POL69691492
AGT66184268,Pending,4,86,POL63232424
AGT17803187,Pending,11,48,POL98789630
AGT94099322,Renewed,16,9,POL13858991
AGT27911794,Renewed,28,89,POL44316628
AGT64671096,Pending,6,67,POL65738099
AGT21163924,Not Renewed,31,32,POL76589663
AGT67067874,Renewed,47,6,POL82378502
AGT47809086,Not Renewed,33,94,POL12387142
AGT05479076,Pending,37,32,POL06119117
AGT60415154,Renewed,3,92,POL36194892
AGT82423050,Renewed,2,63,POL06113859
AGT50641875,Renewed,43,12,POL90115447
AGT29267388,Not Renewed,25,38,POL16711858
